measure,location_join,ARCGIS,Year,DALYs Rates,upper,lower,SD
DALYS Rates,Afghanistan,Afghanistan,1990,27.93,40.85,15.47,6.47
DALYS Rates,Afghanistan,Afghanistan,1991,27.62,40.24,15.26,6.37
DALYS Rates,Afghanistan,Afghanistan,1992,27.38,40.25,15.09,6.42
DALYS Rates,Afghanistan,Afghanistan,1993,27.45,40.43,15.17,6.44
DALYS Rates,Afghanistan,Afghanistan,1994,27.59,41.31,15.11,6.68
DALYS Rates,Afghanistan,Afghanistan,1995,27.54,41.68,15.19,6.76
DALYS Rates,Afghanistan,Afghanistan,1996,27.5,41.67,15.09,6.78
DALYS Rates,Afghanistan,Afghanistan,1997,27.46,41.85,15.19,6.8
DALYS Rates,Afghanistan,Afghanistan,1998,27.37,41.56,15.08,6.76
DALYS Rates,Afghanistan,Afghanistan,1999,27.36,41.59,15,6.78
DALYS Rates,Afghanistan,Afghanistan,2000,27.19,40.98,14.69,6.71
DALYS Rates,Afghanistan,Afghanistan,2001,26.81,40.41,14.53,6.6
DALYS Rates,Afghanistan,Afghanistan,2002,25.59,38.8,14.11,6.3
DALYS Rates,Afghanistan,Afghanistan,2003,25.04,37.97,13.96,6.13
DALYS Rates,Afghanistan,Afghanistan,2004,24.62,37.46,13.76,6.05
DALYS Rates,Afghanistan,Afghanistan,2005,23.98,36.1,13.49,5.77
DALYS Rates,Afghanistan,Afghanistan,2006,23.4,35.35,13.32,5.62
DALYS Rates,Afghanistan,Afghanistan,2007,22.79,34.21,13.08,5.39
DALYS Rates,Afghanistan,Afghanistan,2008,22.28,33.28,12.9,5.2
DALYS Rates,Afghanistan,Afghanistan,2009,21.73,32.51,12.77,5.04
DALYS Rates,Afghanistan,Afghanistan,2010,21.24,31.33,12.56,4.79
DALYS Rates,Afghanistan,Afghanistan,2011,20.75,30.29,12.26,4.6
DALYS Rates,Afghanistan,Afghanistan,2012,20.35,29.45,12.2,4.4
DALYS Rates,Afghanistan,Afghanistan,2013,19.95,28.78,12.03,4.27
DALYS Rates,Afghanistan,Afghanistan,2014,19.65,28.18,11.99,4.13
DALYS Rates,Afghanistan,Afghanistan,2015,19.39,28.16,11.76,4.18
DALYS Rates,Afghanistan,Afghanistan,2016,19.16,27.38,11.65,4.01
DALYS Rates,Afghanistan,Afghanistan,2017,18.99,27.33,11.54,4.03
DALYS Rates,Afghanistan,Afghanistan,2018,18.82,27.26,11.74,3.96
DALYS Rates,Afghanistan,Afghanistan,2019,18.64,27.14,11.68,3.94
DALYS Rates,Armenia,Armenia,1990,9.23,10.47,8.23,0.57
DALYS Rates,Armenia,Armenia,1991,9.31,10.78,8.21,0.66
DALYS Rates,Armenia,Armenia,1992,10.21,12.21,8.59,0.92
DALYS Rates,Armenia,Armenia,1993,10.57,12.96,8.53,1.13
DALYS Rates,Armenia,Armenia,1994,10.64,13.17,8.38,1.22
DALYS Rates,Armenia,Armenia,1995,9.78,11.6,8.22,0.86
DALYS Rates,Armenia,Armenia,1996,9.36,10.85,8.09,0.7
DALYS Rates,Armenia,Armenia,1997,8.9,10.03,7.9,0.54
DALYS Rates,Armenia,Armenia,1998,8.5,9.42,7.66,0.45
DALYS Rates,Armenia,Armenia,1999,8.23,9.07,7.45,0.41
DALYS Rates,Armenia,Armenia,2000,8.02,8.91,7.22,0.43
DALYS Rates,Armenia,Armenia,2001,8,8.89,7.2,0.43
DALYS Rates,Armenia,Armenia,2002,7.88,8.77,7.07,0.43
DALYS Rates,Armenia,Armenia,2003,7.97,8.8,7.17,0.42
DALYS Rates,Armenia,Armenia,2004,8.13,8.92,7.41,0.39
DALYS Rates,Armenia,Armenia,2005,8.46,9.19,7.82,0.35
DALYS Rates,Armenia,Armenia,2006,8.83,9.49,8.21,0.33
DALYS Rates,Armenia,Armenia,2007,8.68,9.31,8.12,0.3
DALYS Rates,Armenia,Armenia,2008,8.69,9.3,8.08,0.31
DALYS Rates,Armenia,Armenia,2009,8.48,9.11,7.89,0.31
DALYS Rates,Armenia,Armenia,2010,8.62,9.21,8.04,0.3
DALYS Rates,Armenia,Armenia,2011,8.73,9.33,8.16,0.3
DALYS Rates,Armenia,Armenia,2012,8.52,9.09,8,0.28
DALYS Rates,Armenia,Armenia,2013,8.34,8.93,7.78,0.29
DALYS Rates,Armenia,Armenia,2014,8.56,9.23,7.95,0.33
DALYS Rates,Armenia,Armenia,2015,7.88,8.47,7.32,0.29
DALYS Rates,Armenia,Armenia,2016,7.54,8.13,6.96,0.3
DALYS Rates,Armenia,Armenia,2017,7.65,8.6,6.85,0.45
DALYS Rates,Armenia,Armenia,2018,7.68,8.9,6.65,0.57
DALYS Rates,Armenia,Armenia,2019,7.68,9.14,6.43,0.69
DALYS Rates,Azerbaijan,Azerbaijan,1990,5.08,5.82,4.42,0.36
DALYS Rates,Azerbaijan,Azerbaijan,1991,5.33,6.18,4.56,0.41
DALYS Rates,Azerbaijan,Azerbaijan,1992,5.86,7.2,4.75,0.63
DALYS Rates,Azerbaijan,Azerbaijan,1993,6.06,7.59,4.78,0.72
DALYS Rates,Azerbaijan,Azerbaijan,1994,6.16,7.74,4.79,0.75
DALYS Rates,Azerbaijan,Azerbaijan,1995,5.75,6.91,4.65,0.58
DALYS Rates,Azerbaijan,Azerbaijan,1996,5.48,6.45,4.58,0.48
DALYS Rates,Azerbaijan,Azerbaijan,1997,5.34,6.26,4.55,0.44
DALYS Rates,Azerbaijan,Azerbaijan,1998,5.26,6.12,4.48,0.42
DALYS Rates,Azerbaijan,Azerbaijan,1999,5.23,6.03,4.54,0.38
DALYS Rates,Azerbaijan,Azerbaijan,2000,5.26,6.01,4.64,0.35
DALYS Rates,Azerbaijan,Azerbaijan,2001,5.28,5.98,4.72,0.32
DALYS Rates,Azerbaijan,Azerbaijan,2002,5.32,5.99,4.77,0.31
DALYS Rates,Azerbaijan,Azerbaijan,2003,5.71,6.44,5.11,0.34
DALYS Rates,Azerbaijan,Azerbaijan,2004,6.53,7.36,5.8,0.4
DALYS Rates,Azerbaijan,Azerbaijan,2005,7.07,7.93,6.31,0.41
DALYS Rates,Azerbaijan,Azerbaijan,2006,7.51,8.41,6.73,0.43
DALYS Rates,Azerbaijan,Azerbaijan,2007,8.36,9.39,7.46,0.49
DALYS Rates,Azerbaijan,Azerbaijan,2008,7.97,9,7.05,0.5
DALYS Rates,Azerbaijan,Azerbaijan,2009,7.77,8.73,6.85,0.48
DALYS Rates,Azerbaijan,Azerbaijan,2010,7.58,8.58,6.66,0.49
DALYS Rates,Azerbaijan,Azerbaijan,2011,7.37,8.4,6.44,0.5
DALYS Rates,Azerbaijan,Azerbaijan,2012,7.11,8.09,6.22,0.48
DALYS Rates,Azerbaijan,Azerbaijan,2013,6.91,7.92,6.03,0.48
DALYS Rates,Azerbaijan,Azerbaijan,2014,6.72,7.79,5.79,0.51
DALYS Rates,Azerbaijan,Azerbaijan,2015,6.52,7.59,5.54,0.52
DALYS Rates,Azerbaijan,Azerbaijan,2016,6.4,7.5,5.4,0.54
DALYS Rates,Azerbaijan,Azerbaijan,2017,6.34,7.55,5.24,0.59
DALYS Rates,Azerbaijan,Azerbaijan,2018,6.23,7.49,5.09,0.61
DALYS Rates,Azerbaijan,Azerbaijan,2019,6.15,7.52,4.99,0.65
DALYS Rates,Bahrain,Bahrain,1990,19.27,23.51,15.45,2.06
DALYS Rates,Bahrain,Bahrain,1991,18.98,23.07,15.3,1.98
DALYS Rates,Bahrain,Bahrain,1992,18.47,22.53,14.8,1.97
DALYS Rates,Bahrain,Bahrain,1993,17.82,21.57,14.13,1.9
DALYS Rates,Bahrain,Bahrain,1994,17.41,21.13,13.9,1.84
DALYS Rates,Bahrain,Bahrain,1995,17.1,20.76,13.67,1.81
DALYS Rates,Bahrain,Bahrain,1996,16.74,20.37,13.45,1.77
DALYS Rates,Bahrain,Bahrain,1997,17.28,20.28,14.81,1.4
DALYS Rates,Bahrain,Bahrain,1998,15.73,18.63,13.45,1.32
DALYS Rates,Bahrain,Bahrain,1999,17.35,20.35,14.83,1.41
DALYS Rates,Bahrain,Bahrain,2000,16.57,19.29,14.12,1.32
DALYS Rates,Bahrain,Bahrain,2001,14.3,16.68,12.11,1.17
DALYS Rates,Bahrain,Bahrain,2002,15.61,18.14,13.39,1.21
DALYS Rates,Bahrain,Bahrain,2003,16.84,19.81,14.35,1.39
DALYS Rates,Bahrain,Bahrain,2004,17.34,20.33,14.84,1.4
DALYS Rates,Bahrain,Bahrain,2005,16.99,19.8,14.6,1.33
DALYS Rates,Bahrain,Bahrain,2006,15.76,18.23,13.56,1.19
DALYS Rates,Bahrain,Bahrain,2007,14.22,16.41,12.2,1.07
DALYS Rates,Bahrain,Bahrain,2008,12.63,14.6,10.91,0.94
DALYS Rates,Bahrain,Bahrain,2009,11.91,13.74,10.21,0.9
DALYS Rates,Bahrain,Bahrain,2010,11.07,12.66,9.39,0.83
DALYS Rates,Bahrain,Bahrain,2011,10.27,11.87,8.7,0.81
DALYS Rates,Bahrain,Bahrain,2012,9.9,11.72,8.28,0.88
DALYS Rates,Bahrain,Bahrain,2013,9.73,11.64,8,0.93
DALYS Rates,Bahrain,Bahrain,2014,9.09,11.1,7.37,0.95
DALYS Rates,Bahrain,Bahrain,2015,9,11.23,7.23,1.02
DALYS Rates,Bahrain,Bahrain,2016,8.96,11.34,7.1,1.08
DALYS Rates,Bahrain,Bahrain,2017,9.01,11.51,7.05,1.14
DALYS Rates,Bahrain,Bahrain,2018,9.04,11.69,6.95,1.21
DALYS Rates,Bahrain,Bahrain,2019,9.08,11.83,6.87,1.27
DALYS Rates,Bangladesh,Bangladesh,1990,49.02,60.76,37.73,5.88
DALYS Rates,Bangladesh,Bangladesh,1991,45.6,55.23,35.9,4.93
DALYS Rates,Bangladesh,Bangladesh,1992,45.24,54.42,36.16,4.66
DALYS Rates,Bangladesh,Bangladesh,1993,44.24,53.36,35.6,4.53
DALYS Rates,Bangladesh,Bangladesh,1994,43.14,51.86,34.41,4.45
DALYS Rates,Bangladesh,Bangladesh,1995,43.01,51.64,35.12,4.21
DALYS Rates,Bangladesh,Bangladesh,1996,41.57,49.52,33.88,3.99
DALYS Rates,Bangladesh,Bangladesh,1997,39.87,47.72,32.29,3.94
DALYS Rates,Bangladesh,Bangladesh,1998,38.19,45.66,30.96,3.75
DALYS Rates,Bangladesh,Bangladesh,1999,36.92,44.37,30.19,3.62
DALYS Rates,Bangladesh,Bangladesh,2000,37.09,44.77,30.35,3.68
DALYS Rates,Bangladesh,Bangladesh,2001,36.22,44.23,29.62,3.73
DALYS Rates,Bangladesh,Bangladesh,2002,35.71,43.58,29.2,3.67
DALYS Rates,Bangladesh,Bangladesh,2003,35.24,43.13,28.54,3.72
DALYS Rates,Bangladesh,Bangladesh,2004,34.69,42.94,27.83,3.85
DALYS Rates,Bangladesh,Bangladesh,2005,34.94,43.71,27.85,4.05
DALYS Rates,Bangladesh,Bangladesh,2006,35.04,44.55,27.48,4.35
DALYS Rates,Bangladesh,Bangladesh,2007,34.48,44.55,27.03,4.47
DALYS Rates,Bangladesh,Bangladesh,2008,33.48,43.78,25.92,4.56
DALYS Rates,Bangladesh,Bangladesh,2009,32.85,42.81,25.41,4.44
DALYS Rates,Bangladesh,Bangladesh,2010,32.2,42.3,25.05,4.4
DALYS Rates,Bangladesh,Bangladesh,2011,30.94,41.14,24.16,4.33
DALYS Rates,Bangladesh,Bangladesh,2012,30.28,40.94,23.26,4.51
DALYS Rates,Bangladesh,Bangladesh,2013,29.61,40.4,22.36,4.6
DALYS Rates,Bangladesh,Bangladesh,2014,29.01,39.48,21.68,4.54
DALYS Rates,Bangladesh,Bangladesh,2015,28.5,39.19,21.11,4.61
DALYS Rates,Bangladesh,Bangladesh,2016,28.37,39.47,20.85,4.75
DALYS Rates,Bangladesh,Bangladesh,2017,28.24,39.27,20.42,4.81
DALYS Rates,Bangladesh,Bangladesh,2018,28.04,39.56,20.07,4.97
DALYS Rates,Bangladesh,Bangladesh,2019,27.86,39.5,19.71,5.05
DALYS Rates,Bhutan,Bhutan,1990,40.66,56.46,26.52,7.64
DALYS Rates,Bhutan,Bhutan,1991,40.46,55.35,26.59,7.34
DALYS Rates,Bhutan,Bhutan,1992,39.93,55.31,27.25,7.16
DALYS Rates,Bhutan,Bhutan,1993,39.41,54.62,27.29,6.97
DALYS Rates,Bhutan,Bhutan,1994,38.73,53.06,26.92,6.67
DALYS Rates,Bhutan,Bhutan,1995,38.13,51.14,26.64,6.25
DALYS Rates,Bhutan,Bhutan,1996,36.77,48.86,25.69,5.91
DALYS Rates,Bhutan,Bhutan,1997,36.03,47.78,25.46,5.69
DALYS Rates,Bhutan,Bhutan,1998,35.13,45.95,25.07,5.33
DALYS Rates,Bhutan,Bhutan,1999,33.4,43.6,23.87,5.03
DALYS Rates,Bhutan,Bhutan,2000,33.23,43.15,23.83,4.93
DALYS Rates,Bhutan,Bhutan,2001,32.25,41.89,23.36,4.73
DALYS Rates,Bhutan,Bhutan,2002,31.3,40.76,22.88,4.56
DALYS Rates,Bhutan,Bhutan,2003,30.96,40.51,22.65,4.56
DALYS Rates,Bhutan,Bhutan,2004,30.35,39.42,22.16,4.4
DALYS Rates,Bhutan,Bhutan,2005,29.87,39.42,21.82,4.49
DALYS Rates,Bhutan,Bhutan,2006,29.26,38.71,21.2,4.47
DALYS Rates,Bhutan,Bhutan,2007,28.94,38.09,20.96,4.37
DALYS Rates,Bhutan,Bhutan,2008,28.51,37.42,20.63,4.28
DALYS Rates,Bhutan,Bhutan,2009,28.18,37.2,20.35,4.3
DALYS Rates,Bhutan,Bhutan,2010,27.88,36.85,19.98,4.3
DALYS Rates,Bhutan,Bhutan,2011,27.64,36.98,19.62,4.43
DALYS Rates,Bhutan,Bhutan,2012,27.39,37.21,19.2,4.59
DALYS Rates,Bhutan,Bhutan,2013,27.2,37.17,18.92,4.66
DALYS Rates,Bhutan,Bhutan,2014,27.02,36.83,18.65,4.64
DALYS Rates,Bhutan,Bhutan,2015,26.89,36.98,18.3,4.77
DALYS Rates,Bhutan,Bhutan,2016,26.72,37,18.18,4.8
DALYS Rates,Bhutan,Bhutan,2017,26.51,36.74,17.91,4.8
DALYS Rates,Bhutan,Bhutan,2018,26.33,36.81,17.59,4.9
DALYS Rates,Bhutan,Bhutan,2019,26.09,36.39,17.43,4.84
DALYS Rates,Brunei Darussalam,Brunei,1990,113.73,134.3,94.87,10.06
DALYS Rates,Brunei Darussalam,Brunei,1991,110.42,131.38,92.65,9.88
DALYS Rates,Brunei Darussalam,Brunei,1992,107.38,128.16,90.55,9.59
DALYS Rates,Brunei Darussalam,Brunei,1993,104.06,122.99,87.91,8.95
DALYS Rates,Brunei Darussalam,Brunei,1994,99.27,115.91,84.92,7.91
DALYS Rates,Brunei Darussalam,Brunei,1995,95.87,110.9,82.58,7.22
DALYS Rates,Brunei Darussalam,Brunei,1996,92.32,106.39,79.86,6.77
DALYS Rates,Brunei Darussalam,Brunei,1997,89.82,102.95,78.21,6.31
DALYS Rates,Brunei Darussalam,Brunei,1998,87.22,99.81,75.64,6.17
DALYS Rates,Brunei Darussalam,Brunei,1999,87.34,100.13,76.46,6.04
DALYS Rates,Brunei Darussalam,Brunei,2000,88.27,101.11,77.28,6.08
DALYS Rates,Brunei Darussalam,Brunei,2001,87.66,100.69,76.84,6.08
DALYS Rates,Brunei Darussalam,Brunei,2002,88.35,101.19,77.57,6.03
DALYS Rates,Brunei Darussalam,Brunei,2003,90.31,103.2,79.17,6.13
DALYS Rates,Brunei Darussalam,Brunei,2004,91.66,104.45,80.21,6.18
DALYS Rates,Brunei Darussalam,Brunei,2005,92.47,105.47,80.66,6.33
DALYS Rates,Brunei Darussalam,Brunei,2006,92.91,105.53,81.36,6.17
DALYS Rates,Brunei Darussalam,Brunei,2007,92.36,104.71,81.37,5.95
DALYS Rates,Brunei Darussalam,Brunei,2008,91.91,104.23,81.23,5.87
DALYS Rates,Brunei Darussalam,Brunei,2009,92.93,105.21,81.63,6.02
DALYS Rates,Brunei Darussalam,Brunei,2010,94.69,107.74,83.4,6.21
DALYS Rates,Brunei Darussalam,Brunei,2011,96.55,109.36,85.37,6.12
DALYS Rates,Brunei Darussalam,Brunei,2012,94.21,107.5,83.15,6.21
DALYS Rates,Brunei Darussalam,Brunei,2013,94.14,106.33,82.64,6.04
DALYS Rates,Brunei Darussalam,Brunei,2014,93.2,105.27,81.7,6.01
DALYS Rates,Brunei Darussalam,Brunei,2015,92.24,105.53,80.28,6.44
DALYS Rates,Brunei Darussalam,Brunei,2016,91.76,105.2,79.72,6.5
DALYS Rates,Brunei Darussalam,Brunei,2017,91.47,106.1,78.53,7.03
DALYS Rates,Brunei Darussalam,Brunei,2018,90.89,106.14,77.49,7.31
DALYS Rates,Brunei Darussalam,Brunei,2019,89.85,105.61,76.42,7.45
DALYS Rates,Cambodia,Cambodia,1990,70.67,88.1,52.03,9.2
DALYS Rates,Cambodia,Cambodia,1991,70.04,86.84,51.66,8.97
DALYS Rates,Cambodia,Cambodia,1992,69.6,85.88,51.51,8.77
DALYS Rates,Cambodia,Cambodia,1993,69.47,85.45,51.63,8.63
DALYS Rates,Cambodia,Cambodia,1994,69.54,85.87,51.97,8.65
DALYS Rates,Cambodia,Cambodia,1995,69.44,85.95,51.9,8.69
DALYS Rates,Cambodia,Cambodia,1996,68.84,84.56,51.73,8.38
DALYS Rates,Cambodia,Cambodia,1997,68.13,83,51.81,7.96
DALYS Rates,Cambodia,Cambodia,1998,67.6,82.86,51.31,8.05
DALYS Rates,Cambodia,Cambodia,1999,66.88,81.1,50.73,7.75
DALYS Rates,Cambodia,Cambodia,2000,65.6,80.07,50.11,7.64
DALYS Rates,Cambodia,Cambodia,2001,64.53,79.24,49.36,7.62
DALYS Rates,Cambodia,Cambodia,2002,63.33,77.56,48.56,7.4
DALYS Rates,Cambodia,Cambodia,2003,62.14,75.77,48.05,7.07
DALYS Rates,Cambodia,Cambodia,2004,61.35,75.41,47.78,7.05
DALYS Rates,Cambodia,Cambodia,2005,60.56,74.54,47.68,6.85
DALYS Rates,Cambodia,Cambodia,2006,59.61,73.84,47.02,6.84
DALYS Rates,Cambodia,Cambodia,2007,59.29,73.35,47.06,6.71
DALYS Rates,Cambodia,Cambodia,2008,58.79,72.89,46.5,6.73
DALYS Rates,Cambodia,Cambodia,2009,58.43,72.95,46.33,6.79
DALYS Rates,Cambodia,Cambodia,2010,58.49,72.8,46.47,6.72
DALYS Rates,Cambodia,Cambodia,2011,58.27,72.71,45.8,6.86
DALYS Rates,Cambodia,Cambodia,2012,58.01,73.07,45.31,7.08
DALYS Rates,Cambodia,Cambodia,2013,57.75,73.32,45.23,7.17
DALYS Rates,Cambodia,Cambodia,2014,57.59,72.93,44.48,7.26
DALYS Rates,Cambodia,Cambodia,2015,57.55,73.15,43.89,7.46
DALYS Rates,Cambodia,Cambodia,2016,57.51,73.8,43.51,7.73
DALYS Rates,Cambodia,Cambodia,2017,57.33,73.38,43.1,7.72
DALYS Rates,Cambodia,Cambodia,2018,57.29,73.29,43.01,7.72
DALYS Rates,Cambodia,Cambodia,2019,57.16,73.76,42.41,8
DALYS Rates,China,China,1990,91.67,104.64,78.49,6.67
DALYS Rates,China,China,1991,90.32,102.88,78.84,6.13
DALYS Rates,China,China,1992,87.58,99.55,76.44,5.9
DALYS Rates,China,China,1993,85.35,95.84,75.49,5.19
DALYS Rates,China,China,1994,83.17,92.38,74.1,4.66
DALYS Rates,China,China,1995,81.69,90.2,73.45,4.27
DALYS Rates,China,China,1996,78.89,86.55,71.01,3.96
DALYS Rates,China,China,1997,77.28,84.88,70.6,3.64
DALYS Rates,China,China,1998,76.89,83.93,70.11,3.53
DALYS Rates,China,China,1999,76.04,82.83,69.68,3.35
DALYS Rates,China,China,2000,74.58,81.52,67.84,3.49
DALYS Rates,China,China,2001,70.85,78.05,64.71,3.4
DALYS Rates,China,China,2002,67.95,74.95,61.9,3.33
DALYS Rates,China,China,2003,64.62,70.94,58.89,3.07
DALYS Rates,China,China,2004,62.34,68.51,56.91,2.96
DALYS Rates,China,China,2005,59.85,66.08,54.77,2.89
DALYS Rates,China,China,2006,57.07,62.55,52.48,2.57
DALYS Rates,China,China,2007,55.18,60.15,50.6,2.44
DALYS Rates,China,China,2008,53.78,58.94,49.13,2.5
DALYS Rates,China,China,2009,52.46,57.55,48.22,2.38
DALYS Rates,China,China,2010,51.4,56.64,46.54,2.58
DALYS Rates,China,China,2011,50.04,55.36,45.09,2.62
DALYS Rates,China,China,2012,48.8,54.02,44.26,2.49
DALYS Rates,China,China,2013,47.51,52.66,42.84,2.51
DALYS Rates,China,China,2014,46.88,52.93,41.62,2.89
DALYS Rates,China,China,2015,46.36,52.26,40.73,2.94
DALYS Rates,China,China,2016,46.24,52.91,40.21,3.24
DALYS Rates,China,China,2017,45.96,52.74,39.69,3.33
DALYS Rates,China,China,2018,45.73,53.55,38.89,3.74
DALYS Rates,China,China,2019,45.6,53.8,38.3,3.95
DALYS Rates,Cyprus,Cyprus,1990,5.62,6.35,4.91,0.37
DALYS Rates,Cyprus,Cyprus,1991,5.58,6.29,4.85,0.37
DALYS Rates,Cyprus,Cyprus,1992,5.53,6.2,4.81,0.35
DALYS Rates,Cyprus,Cyprus,1993,5.47,6.12,4.81,0.33
DALYS Rates,Cyprus,Cyprus,1994,5.39,6.03,4.77,0.32
DALYS Rates,Cyprus,Cyprus,1995,5.32,5.96,4.77,0.3
DALYS Rates,Cyprus,Cyprus,1996,5.21,5.82,4.68,0.29
DALYS Rates,Cyprus,Cyprus,1997,5.11,5.69,4.58,0.28
DALYS Rates,Cyprus,Cyprus,1998,5.04,5.57,4.52,0.27
DALYS Rates,Cyprus,Cyprus,1999,4.93,5.47,4.45,0.26
DALYS Rates,Cyprus,Cyprus,2000,4.84,5.33,4.36,0.25
DALYS Rates,Cyprus,Cyprus,2001,4.76,5.26,4.31,0.24
DALYS Rates,Cyprus,Cyprus,2002,4.78,5.29,4.31,0.25
DALYS Rates,Cyprus,Cyprus,2003,4.81,5.35,4.34,0.26
DALYS Rates,Cyprus,Cyprus,2004,4.91,5.48,4.44,0.27
DALYS Rates,Cyprus,Cyprus,2005,4.96,5.52,4.51,0.26
DALYS Rates,Cyprus,Cyprus,2006,5.04,5.64,4.56,0.28
DALYS Rates,Cyprus,Cyprus,2007,5.12,5.73,4.63,0.28
DALYS Rates,Cyprus,Cyprus,2008,5.12,5.71,4.64,0.27
DALYS Rates,Cyprus,Cyprus,2009,5.18,5.76,4.68,0.28
DALYS Rates,Cyprus,Cyprus,2010,5.08,5.64,4.6,0.27
DALYS Rates,Cyprus,Cyprus,2011,5.03,5.62,4.52,0.28
DALYS Rates,Cyprus,Cyprus,2012,5.12,5.75,4.55,0.31
DALYS Rates,Cyprus,Cyprus,2013,5.15,5.76,4.57,0.3
DALYS Rates,Cyprus,Cyprus,2014,5.24,5.88,4.62,0.32
DALYS Rates,Cyprus,Cyprus,2015,5.37,6.03,4.72,0.33
DALYS Rates,Cyprus,Cyprus,2016,5.36,6.08,4.66,0.36
DALYS Rates,Cyprus,Cyprus,2017,5.27,6.04,4.57,0.38
DALYS Rates,Cyprus,Cyprus,2018,5.22,6.07,4.46,0.41
DALYS Rates,Cyprus,Cyprus,2019,5.18,6.08,4.37,0.44
DALYS Rates,Democratic People's Republic of Korea,North Korea,1990,66.57,94.31,45.95,12.34
DALYS Rates,Democratic People's Republic of Korea,North Korea,1991,66.22,93.08,45.83,12.05
DALYS Rates,Democratic People's Republic of Korea,North Korea,1992,65.9,92.6,45.84,11.93
DALYS Rates,Democratic People's Republic of Korea,North Korea,1993,65.77,92.34,45.9,11.85
DALYS Rates,Democratic People's Republic of Korea,North Korea,1994,65.5,92.55,45.8,11.93
DALYS Rates,Democratic People's Republic of Korea,North Korea,1995,65.29,92.73,45.42,12.07
DALYS Rates,Democratic People's Republic of Korea,North Korea,1996,65.06,92.3,45.18,12.02
DALYS Rates,Democratic People's Republic of Korea,North Korea,1997,64.85,91.19,45.31,11.7
DALYS Rates,Democratic People's Republic of Korea,North Korea,1998,64.46,89.54,45.27,11.29
DALYS Rates,Democratic People's Republic of Korea,North Korea,1999,63.96,88.36,45.4,10.96
DALYS Rates,Democratic People's Republic of Korea,North Korea,2000,63.3,87.39,45.32,10.73
DALYS Rates,Democratic People's Republic of Korea,North Korea,2001,62.28,85.56,45.07,10.33
DALYS Rates,Democratic People's Republic of Korea,North Korea,2002,61.36,83.79,43.96,10.16
DALYS Rates,Democratic People's Republic of Korea,North Korea,2003,60.46,82.4,43.97,9.8
DALYS Rates,Democratic People's Republic of Korea,North Korea,2004,59.75,80.99,44.07,9.42
DALYS Rates,Democratic People's Republic of Korea,North Korea,2005,59.07,79.93,43.97,9.17
DALYS Rates,Democratic People's Republic of Korea,North Korea,2006,58.55,78.8,43.84,8.92
DALYS Rates,Democratic People's Republic of Korea,North Korea,2007,57.98,76.93,43.62,8.5
DALYS Rates,Democratic People's Republic of Korea,North Korea,2008,57.45,76.84,42.44,8.78
DALYS Rates,Democratic People's Republic of Korea,North Korea,2009,56.86,76.17,41.34,8.89
DALYS Rates,Democratic People's Republic of Korea,North Korea,2010,56.36,76.09,40.64,9.04
DALYS Rates,Democratic People's Republic of Korea,North Korea,2011,55.83,75.99,40,9.18
DALYS Rates,Democratic People's Republic of Korea,North Korea,2012,55.29,75.38,39.36,9.19
DALYS Rates,Democratic People's Republic of Korea,North Korea,2013,54.66,74.08,38.79,9
DALYS Rates,Democratic People's Republic of Korea,North Korea,2014,54.12,73.7,38.47,8.99
DALYS Rates,Democratic People's Republic of Korea,North Korea,2015,53.48,72.9,38.14,8.87
DALYS Rates,Democratic People's Republic of Korea,North Korea,2016,52.97,72.26,37.74,8.81
DALYS Rates,Democratic People's Republic of Korea,North Korea,2017,52.4,70.18,37.9,8.23
DALYS Rates,Democratic People's Republic of Korea,North Korea,2018,51.87,68.92,37.4,8.04
DALYS Rates,Democratic People's Republic of Korea,North Korea,2019,51.4,68.73,36.73,8.16
DALYS Rates,Georgia,Georgia,1990,11.3,13.2,9.28,1
DALYS Rates,Georgia,Georgia,1991,11.58,13.67,9.4,1.09
DALYS Rates,Georgia,Georgia,1992,11.9,14.19,9.65,1.16
DALYS Rates,Georgia,Georgia,1993,11.58,13.76,9.71,1.03
DALYS Rates,Georgia,Georgia,1994,11.81,13.77,10.05,0.95
DALYS Rates,Georgia,Georgia,1995,11.31,12.77,10.06,0.69
DALYS Rates,Georgia,Georgia,1996,10.98,12.28,9.76,0.64
DALYS Rates,Georgia,Georgia,1997,11.15,12.47,9.85,0.67
DALYS Rates,Georgia,Georgia,1998,11.96,13.54,10.55,0.76
DALYS Rates,Georgia,Georgia,1999,12.42,14.01,11.09,0.74
DALYS Rates,Georgia,Georgia,2000,9.98,11.19,8.94,0.57
DALYS Rates,Georgia,Georgia,2001,8.82,9.77,7.94,0.47
DALYS Rates,Georgia,Georgia,2002,9.54,10.54,8.56,0.51
DALYS Rates,Georgia,Georgia,2003,9.43,10.45,8.44,0.51
DALYS Rates,Georgia,Georgia,2004,9.76,10.77,8.76,0.51
DALYS Rates,Georgia,Georgia,2005,8.55,9.45,7.64,0.46
DALYS Rates,Georgia,Georgia,2006,8.33,9.27,7.48,0.46
DALYS Rates,Georgia,Georgia,2007,8.62,9.57,7.75,0.46
DALYS Rates,Georgia,Georgia,2008,9.27,10.23,8.31,0.49
DALYS Rates,Georgia,Georgia,2009,9.92,11.02,8.91,0.54
DALYS Rates,Georgia,Georgia,2010,9.9,11.05,8.87,0.56
DALYS Rates,Georgia,Georgia,2011,9.93,11.11,8.89,0.57
DALYS Rates,Georgia,Georgia,2012,10.17,11.4,9.08,0.59
DALYS Rates,Georgia,Georgia,2013,9.58,10.68,8.62,0.53
DALYS Rates,Georgia,Georgia,2014,8.59,9.44,7.84,0.41
DALYS Rates,Georgia,Georgia,2015,9.02,9.81,8.24,0.4
DALYS Rates,Georgia,Georgia,2016,9.2,10.13,8.4,0.44
DALYS Rates,Georgia,Georgia,2017,9.24,10.42,8.12,0.59
DALYS Rates,Georgia,Georgia,2018,9.27,10.81,7.92,0.74
DALYS Rates,Georgia,Georgia,2019,9.26,11.17,7.62,0.91
DALYS Rates,India,India,1990,41.7,49.27,35.26,3.57
DALYS Rates,India,India,1991,41.32,48.87,35.08,3.52
DALYS Rates,India,India,1992,41.2,48.43,34.86,3.46
DALYS Rates,India,India,1993,40.52,47.05,35,3.07
DALYS Rates,India,India,1994,39.69,46.27,34.17,3.09
DALYS Rates,India,India,1995,38.38,44.51,33.23,2.88
DALYS Rates,India,India,1996,38.81,45,33.56,2.92
DALYS Rates,India,India,1997,39.45,45.79,34.35,2.92
DALYS Rates,India,India,1998,38.26,44.06,33.21,2.77
DALYS Rates,India,India,1999,36.49,42.04,31.93,2.58
DALYS Rates,India,India,2000,34.6,39.8,30.29,2.43
DALYS Rates,India,India,2001,33.89,38.65,29.66,2.29
DALYS Rates,India,India,2002,32.72,36.87,29.1,1.98
DALYS Rates,India,India,2003,31.18,35.19,27.93,1.85
DALYS Rates,India,India,2004,29.39,32.77,26.43,1.62
DALYS Rates,India,India,2005,29.94,33.11,27.04,1.55
DALYS Rates,India,India,2006,30.04,33.49,27.09,1.63
DALYS Rates,India,India,2007,30.92,34.32,27.66,1.7
DALYS Rates,India,India,2008,30.85,34.43,27.62,1.74
DALYS Rates,India,India,2009,30.38,33.74,27.27,1.65
DALYS Rates,India,India,2010,30.83,34.18,27.52,1.7
DALYS Rates,India,India,2011,30.73,34.08,27.68,1.63
DALYS Rates,India,India,2012,30.04,33.45,26.75,1.71
DALYS Rates,India,India,2013,30.78,34.36,27.4,1.78
DALYS Rates,India,India,2014,29.77,32.92,26.66,1.6
DALYS Rates,India,India,2015,30.48,33.42,27.51,1.51
DALYS Rates,India,India,2016,30.24,33.47,27.16,1.61
DALYS Rates,India,India,2017,29.88,33.86,26.31,1.93
DALYS Rates,India,India,2018,29.85,34.56,25.81,2.23
DALYS Rates,India,India,2019,29.75,35.19,25.46,2.48
DALYS Rates,Indonesia,Indonesia,1990,46.13,54.41,37.88,4.22
DALYS Rates,Indonesia,Indonesia,1991,46,53.65,37.98,4
DALYS Rates,Indonesia,Indonesia,1992,45.97,54.48,38.57,4.06
DALYS Rates,Indonesia,Indonesia,1993,46.02,54.48,38.2,4.15
DALYS Rates,Indonesia,Indonesia,1994,46.03,54.07,38.14,4.06
DALYS Rates,Indonesia,Indonesia,1995,45.99,54.16,37.82,4.17
DALYS Rates,Indonesia,Indonesia,1996,45.95,54.14,38.11,4.09
DALYS Rates,Indonesia,Indonesia,1997,46.04,54.8,38.22,4.23
DALYS Rates,Indonesia,Indonesia,1998,46.2,54.79,38.04,4.27
DALYS Rates,Indonesia,Indonesia,1999,46.36,54.64,37.85,4.28
DALYS Rates,Indonesia,Indonesia,2000,46.47,55.4,38.12,4.41
DALYS Rates,Indonesia,Indonesia,2001,46.14,55.05,37.64,4.44
DALYS Rates,Indonesia,Indonesia,2002,45.88,54.06,37.32,4.27
DALYS Rates,Indonesia,Indonesia,2003,45.64,53.54,37.13,4.19
DALYS Rates,Indonesia,Indonesia,2004,45.46,53.89,37.3,4.23
DALYS Rates,Indonesia,Indonesia,2005,45.31,54.21,36.79,4.44
DALYS Rates,Indonesia,Indonesia,2006,45.12,53.57,36.56,4.34
DALYS Rates,Indonesia,Indonesia,2007,45,53.62,36.23,4.44
DALYS Rates,Indonesia,Indonesia,2008,44.58,53.38,35.8,4.48
DALYS Rates,Indonesia,Indonesia,2009,44.17,53.48,35.65,4.55
DALYS Rates,Indonesia,Indonesia,2010,43.51,52.46,36.06,4.18
DALYS Rates,Indonesia,Indonesia,2011,43.11,52.58,35.09,4.46
DALYS Rates,Indonesia,Indonesia,2012,42.6,51.08,34.42,4.25
DALYS Rates,Indonesia,Indonesia,2013,42.13,51.62,33.85,4.53
DALYS Rates,Indonesia,Indonesia,2014,41.54,51.98,33.25,4.78
DALYS Rates,Indonesia,Indonesia,2015,41.07,51.06,32.79,4.66
DALYS Rates,Indonesia,Indonesia,2016,40.73,51.29,32.39,4.82
DALYS Rates,Indonesia,Indonesia,2017,40.45,50.79,31.81,4.84
DALYS Rates,Indonesia,Indonesia,2018,40.05,50.75,30.93,5.06
DALYS Rates,Indonesia,Indonesia,2019,39.68,51.02,30.99,5.11
DALYS Rates,Iran (Islamic Republic of),Iran,1990,7.9,8.75,6.94,0.46
DALYS Rates,Iran (Islamic Republic of),Iran,1991,7.81,8.64,6.82,0.46
DALYS Rates,Iran (Islamic Republic of),Iran,1992,7.78,8.6,6.92,0.43
DALYS Rates,Iran (Islamic Republic of),Iran,1993,7.71,8.53,6.85,0.43
DALYS Rates,Iran (Islamic Republic of),Iran,1994,7.67,8.46,6.89,0.4
DALYS Rates,Iran (Islamic Republic of),Iran,1995,7.62,8.33,6.89,0.37
DALYS Rates,Iran (Islamic Republic of),Iran,1996,7.54,8.25,6.82,0.36
DALYS Rates,Iran (Islamic Republic of),Iran,1997,7.52,8.28,6.82,0.37
DALYS Rates,Iran (Islamic Republic of),Iran,1998,7.49,8.21,6.86,0.34
DALYS Rates,Iran (Islamic Republic of),Iran,1999,7.47,8.11,6.86,0.32
DALYS Rates,Iran (Islamic Republic of),Iran,2000,7.4,8.02,6.83,0.3
DALYS Rates,Iran (Islamic Republic of),Iran,2001,7.35,7.96,6.76,0.31
DALYS Rates,Iran (Islamic Republic of),Iran,2002,7.17,7.7,6.65,0.27
DALYS Rates,Iran (Islamic Republic of),Iran,2003,6.96,7.44,6.52,0.23
DALYS Rates,Iran (Islamic Republic of),Iran,2004,6.63,7.07,6.27,0.2
DALYS Rates,Iran (Islamic Republic of),Iran,2005,6.43,6.82,6.11,0.18
DALYS Rates,Iran (Islamic Republic of),Iran,2006,6.26,6.63,5.95,0.17
DALYS Rates,Iran (Islamic Republic of),Iran,2007,6.08,6.38,5.83,0.14
DALYS Rates,Iran (Islamic Republic of),Iran,2008,5.93,6.23,5.68,0.14
DALYS Rates,Iran (Islamic Republic of),Iran,2009,5.8,6.07,5.56,0.13
DALYS Rates,Iran (Islamic Republic of),Iran,2010,5.62,5.89,5.38,0.13
DALYS Rates,Iran (Islamic Republic of),Iran,2011,5.53,5.81,5.25,0.14
DALYS Rates,Iran (Islamic Republic of),Iran,2012,5.47,5.75,5.19,0.14
DALYS Rates,Iran (Islamic Republic of),Iran,2013,5.46,5.74,5.17,0.15
DALYS Rates,Iran (Islamic Republic of),Iran,2014,5.4,5.71,5.11,0.15
DALYS Rates,Iran (Islamic Republic of),Iran,2015,5.27,5.55,5,0.14
DALYS Rates,Iran (Islamic Republic of),Iran,2016,5.19,5.49,4.88,0.16
DALYS Rates,Iran (Islamic Republic of),Iran,2017,5.12,5.44,4.81,0.16
DALYS Rates,Iran (Islamic Republic of),Iran,2018,5.06,5.4,4.75,0.17
DALYS Rates,Iran (Islamic Republic of),Iran,2019,5.02,5.4,4.68,0.18
DALYS Rates,Iraq,Iraq,1990,16.51,20.31,12.93,1.88
DALYS Rates,Iraq,Iraq,1991,16.73,20.85,12.95,2.02
DALYS Rates,Iraq,Iraq,1992,16.93,21.37,12.99,2.14
DALYS Rates,Iraq,Iraq,1993,17.08,21.71,13.03,2.21
DALYS Rates,Iraq,Iraq,1994,17.21,21.99,12.9,2.32
DALYS Rates,Iraq,Iraq,1995,17.42,22.53,13,2.43
DALYS Rates,Iraq,Iraq,1996,17.46,22.57,13.05,2.43
DALYS Rates,Iraq,Iraq,1997,17.45,22.52,13.02,2.42
DALYS Rates,Iraq,Iraq,1998,17.26,22.34,12.84,2.42
DALYS Rates,Iraq,Iraq,1999,17.01,22.24,12.73,2.43
DALYS Rates,Iraq,Iraq,2000,16.49,21.77,12.38,2.4
DALYS Rates,Iraq,Iraq,2001,15.73,20.79,11.83,2.29
DALYS Rates,Iraq,Iraq,2002,15.15,19.96,11.41,2.18
DALYS Rates,Iraq,Iraq,2003,14.83,19.52,11.1,2.15
DALYS Rates,Iraq,Iraq,2004,14.37,18.94,10.8,2.08
DALYS Rates,Iraq,Iraq,2005,14,18.3,10.57,1.97
DALYS Rates,Iraq,Iraq,2006,13.79,18.07,10.46,1.94
DALYS Rates,Iraq,Iraq,2007,13.61,17.57,10.38,1.83
DALYS Rates,Iraq,Iraq,2008,12.91,16.36,9.86,1.66
DALYS Rates,Iraq,Iraq,2009,12.6,16.06,9.59,1.65
DALYS Rates,Iraq,Iraq,2010,11.45,14.56,8.72,1.49
DALYS Rates,Iraq,Iraq,2011,10.66,13.5,8.08,1.38
DALYS Rates,Iraq,Iraq,2012,9.09,11.53,6.93,1.17
DALYS Rates,Iraq,Iraq,2013,7.8,9.92,5.92,1.02
DALYS Rates,Iraq,Iraq,2014,7.27,9.34,5.46,0.99
DALYS Rates,Iraq,Iraq,2015,7.21,9.34,5.38,1.01
DALYS Rates,Iraq,Iraq,2016,7.11,9.28,5.25,1.03
DALYS Rates,Iraq,Iraq,2017,7.08,9.26,5.2,1.04
DALYS Rates,Iraq,Iraq,2018,7.12,9.31,5.17,1.06
DALYS Rates,Iraq,Iraq,2019,7.11,9.23,5.22,1.02
DALYS Rates,Israel,Israel,1990,11.68,12.84,10.69,0.55
DALYS Rates,Israel,Israel,1991,12.17,13.24,11.28,0.5
DALYS Rates,Israel,Israel,1992,12.32,13.4,11.38,0.52
DALYS Rates,Israel,Israel,1993,11.65,12.66,10.79,0.48
DALYS Rates,Israel,Israel,1994,11.64,12.62,10.74,0.48
DALYS Rates,Israel,Israel,1995,11.7,12.66,10.81,0.47
DALYS Rates,Israel,Israel,1996,11.76,12.71,10.86,0.47
DALYS Rates,Israel,Israel,1997,11.65,12.62,10.77,0.47
DALYS Rates,Israel,Israel,1998,11.54,12.51,10.67,0.47
DALYS Rates,Israel,Israel,1999,11.23,12.16,10.37,0.46
DALYS Rates,Israel,Israel,2000,11.37,12.3,10.48,0.46
DALYS Rates,Israel,Israel,2001,11.08,11.94,10.22,0.44
DALYS Rates,Israel,Israel,2002,10.9,11.71,10.06,0.42
DALYS Rates,Israel,Israel,2003,10.75,11.6,9.91,0.43
DALYS Rates,Israel,Israel,2004,9.38,10.13,8.64,0.38
DALYS Rates,Israel,Israel,2005,8.94,9.67,8.25,0.36
DALYS Rates,Israel,Israel,2006,8.41,9.06,7.75,0.33
DALYS Rates,Israel,Israel,2007,8.08,8.72,7.46,0.32
DALYS Rates,Israel,Israel,2008,7.56,8.19,6.99,0.31
DALYS Rates,Israel,Israel,2009,7.01,7.61,6.47,0.29
DALYS Rates,Israel,Israel,2010,6.52,7.07,5.99,0.28
DALYS Rates,Israel,Israel,2011,6.14,6.66,5.6,0.27
DALYS Rates,Israel,Israel,2012,5.9,6.42,5.4,0.26
DALYS Rates,Israel,Israel,2013,5.52,6.03,5.07,0.24
DALYS Rates,Israel,Israel,2014,5.42,5.96,4.96,0.26
DALYS Rates,Israel,Israel,2015,5.61,6.15,5.13,0.26
DALYS Rates,Israel,Israel,2016,5.44,6.05,4.92,0.29
DALYS Rates,Israel,Israel,2017,5.56,6.25,4.99,0.32
DALYS Rates,Israel,Israel,2018,5.63,6.37,5.04,0.34
DALYS Rates,Israel,Israel,2019,5.7,6.46,5.05,0.36
DALYS Rates,Japan,Japan,1990,7.98,8.27,7.73,0.14
DALYS Rates,Japan,Japan,1991,8.21,8.51,7.94,0.15
DALYS Rates,Japan,Japan,1992,8.44,8.74,8.15,0.15
DALYS Rates,Japan,Japan,1993,8.62,8.93,8.32,0.16
DALYS Rates,Japan,Japan,1994,8.94,9.29,8.64,0.17
DALYS Rates,Japan,Japan,1995,9.49,9.85,9.15,0.18
DALYS Rates,Japan,Japan,1996,9.84,10.21,9.47,0.19
DALYS Rates,Japan,Japan,1997,10.04,10.43,9.66,0.2
DALYS Rates,Japan,Japan,1998,10.4,10.81,10.01,0.2
DALYS Rates,Japan,Japan,1999,10.57,11.01,10.14,0.22
DALYS Rates,Japan,Japan,2000,10.36,10.78,9.97,0.21
DALYS Rates,Japan,Japan,2001,10.17,10.58,9.77,0.21
DALYS Rates,Japan,Japan,2002,9.91,10.32,9.52,0.2
DALYS Rates,Japan,Japan,2003,9.92,10.33,9.52,0.21
DALYS Rates,Japan,Japan,2004,9.82,10.24,9.41,0.21
DALYS Rates,Japan,Japan,2005,9.73,10.14,9.32,0.21
DALYS Rates,Japan,Japan,2006,9.55,9.95,9.14,0.21
DALYS Rates,Japan,Japan,2007,9.42,9.83,9.03,0.2
DALYS Rates,Japan,Japan,2008,9.33,9.75,8.91,0.21
DALYS Rates,Japan,Japan,2009,9.13,9.54,8.72,0.21
DALYS Rates,Japan,Japan,2010,9.11,9.54,8.69,0.22
DALYS Rates,Japan,Japan,2011,9.08,9.51,8.64,0.22
DALYS Rates,Japan,Japan,2012,8.82,9.25,8.36,0.23
DALYS Rates,Japan,Japan,2013,8.64,9.1,8.18,0.23
DALYS Rates,Japan,Japan,2014,8.43,8.92,7.95,0.25
DALYS Rates,Japan,Japan,2015,8.3,8.82,7.8,0.26
DALYS Rates,Japan,Japan,2016,8.23,8.8,7.71,0.28
DALYS Rates,Japan,Japan,2017,7.99,8.61,7.45,0.3
DALYS Rates,Japan,Japan,2018,7.98,8.65,7.39,0.32
DALYS Rates,Japan,Japan,2019,7.97,8.71,7.36,0.34
DALYS Rates,Jordan,Jordan,1990,26.95,32.39,22.03,2.64
DALYS Rates,Jordan,Jordan,1991,26.55,31.63,21.69,2.54
DALYS Rates,Jordan,Jordan,1992,26.17,31.23,21.4,2.51
DALYS Rates,Jordan,Jordan,1993,26.67,32.27,21.65,2.71
DALYS Rates,Jordan,Jordan,1994,26.94,32.74,21.82,2.79
DALYS Rates,Jordan,Jordan,1995,27.1,33.61,21.83,3.01
DALYS Rates,Jordan,Jordan,1996,27.06,33.53,21.74,3.01
DALYS Rates,Jordan,Jordan,1997,26.66,33.36,21.29,3.08
DALYS Rates,Jordan,Jordan,1998,26.31,32.91,20.92,3.06
DALYS Rates,Jordan,Jordan,1999,25.89,32.02,20.64,2.9
DALYS Rates,Jordan,Jordan,2000,25.3,31.19,20.25,2.79
DALYS Rates,Jordan,Jordan,2001,24.82,30.14,20.16,2.55
DALYS Rates,Jordan,Jordan,2002,23.81,28.37,19.59,2.24
DALYS Rates,Jordan,Jordan,2003,22.43,26.24,18.91,1.87
DALYS Rates,Jordan,Jordan,2004,21.21,24.52,18.07,1.65
DALYS Rates,Jordan,Jordan,2005,20.53,23.63,17.77,1.49
DALYS Rates,Jordan,Jordan,2006,20.18,23.08,17.5,1.42
DALYS Rates,Jordan,Jordan,2007,19.3,22.15,16.8,1.36
DALYS Rates,Jordan,Jordan,2008,17.97,20.68,15.71,1.27
DALYS Rates,Jordan,Jordan,2009,16.78,19.54,14.63,1.25
DALYS Rates,Jordan,Jordan,2010,15.78,18.41,13.65,1.21
DALYS Rates,Jordan,Jordan,2011,15.14,17.79,12.9,1.25
DALYS Rates,Jordan,Jordan,2012,14.57,17.13,12.29,1.23
DALYS Rates,Jordan,Jordan,2013,13.91,16.42,11.69,1.21
DALYS Rates,Jordan,Jordan,2014,13.13,15.62,10.99,1.18
DALYS Rates,Jordan,Jordan,2015,12.21,14.78,10.02,1.21
DALYS Rates,Jordan,Jordan,2016,12.42,15.14,10.05,1.3
DALYS Rates,Jordan,Jordan,2017,12.48,15.23,10.02,1.33
DALYS Rates,Jordan,Jordan,2018,12.57,15.49,10.04,1.39
DALYS Rates,Jordan,Jordan,2019,12.62,15.64,10.05,1.43
DALYS Rates,Kazakhstan,Kazakhstan,1990,13.41,15.77,11.66,1.05
DALYS Rates,Kazakhstan,Kazakhstan,1991,13.97,15.87,12.48,0.86
DALYS Rates,Kazakhstan,Kazakhstan,1992,14.45,15.94,13.12,0.72
DALYS Rates,Kazakhstan,Kazakhstan,1993,15.28,16.53,14.11,0.62
DALYS Rates,Kazakhstan,Kazakhstan,1994,15.71,16.97,14.56,0.61
DALYS Rates,Kazakhstan,Kazakhstan,1995,15.85,17.15,14.62,0.65
DALYS Rates,Kazakhstan,Kazakhstan,1996,15.04,16.22,13.94,0.58
DALYS Rates,Kazakhstan,Kazakhstan,1997,14.51,15.65,13.45,0.56
DALYS Rates,Kazakhstan,Kazakhstan,1998,13.85,14.83,12.97,0.47
DALYS Rates,Kazakhstan,Kazakhstan,1999,13.5,14.49,12.62,0.48
DALYS Rates,Kazakhstan,Kazakhstan,2000,13.43,14.41,12.55,0.47
DALYS Rates,Kazakhstan,Kazakhstan,2001,13.51,14.52,12.58,0.49
DALYS Rates,Kazakhstan,Kazakhstan,2002,13.55,14.58,12.56,0.52
DALYS Rates,Kazakhstan,Kazakhstan,2003,13.56,14.63,12.57,0.53
DALYS Rates,Kazakhstan,Kazakhstan,2004,13.38,14.42,12.34,0.53
DALYS Rates,Kazakhstan,Kazakhstan,2005,13.51,14.57,12.41,0.55
DALYS Rates,Kazakhstan,Kazakhstan,2006,13.45,14.64,12.28,0.6
DALYS Rates,Kazakhstan,Kazakhstan,2007,13.29,14.4,12.23,0.55
DALYS Rates,Kazakhstan,Kazakhstan,2008,12.92,13.87,12.06,0.46
DALYS Rates,Kazakhstan,Kazakhstan,2009,12.79,13.69,11.95,0.44
DALYS Rates,Kazakhstan,Kazakhstan,2010,13,13.92,12.16,0.45
DALYS Rates,Kazakhstan,Kazakhstan,2011,13.32,14.3,12.42,0.48
DALYS Rates,Kazakhstan,Kazakhstan,2012,13.74,14.71,12.86,0.47
DALYS Rates,Kazakhstan,Kazakhstan,2013,14.45,15.64,13.43,0.56
DALYS Rates,Kazakhstan,Kazakhstan,2014,14.48,15.74,13.31,0.62
DALYS Rates,Kazakhstan,Kazakhstan,2015,14.49,15.9,13.2,0.69
DALYS Rates,Kazakhstan,Kazakhstan,2016,13.98,15.55,12.52,0.77
DALYS Rates,Kazakhstan,Kazakhstan,2017,14.03,15.76,12.43,0.85
DALYS Rates,Kazakhstan,Kazakhstan,2018,13.57,15.77,11.61,1.06
DALYS Rates,Kazakhstan,Kazakhstan,2019,13.27,15.87,11.03,1.23
DALYS Rates,Kuwait,Kuwait,1990,17.48,19.7,15.37,1.1
DALYS Rates,Kuwait,Kuwait,1991,14.72,16.76,12.84,1
DALYS Rates,Kuwait,Kuwait,1992,12.95,14.97,11.25,0.95
DALYS Rates,Kuwait,Kuwait,1993,12.46,14.28,10.89,0.86
DALYS Rates,Kuwait,Kuwait,1994,14.41,16.28,12.83,0.88
DALYS Rates,Kuwait,Kuwait,1995,14.03,15.68,12.66,0.77
DALYS Rates,Kuwait,Kuwait,1996,12.75,14.15,11.44,0.69
DALYS Rates,Kuwait,Kuwait,1997,12.98,14.33,11.72,0.67
DALYS Rates,Kuwait,Kuwait,1998,12.18,13.53,10.94,0.66
DALYS Rates,Kuwait,Kuwait,1999,13.42,14.97,11.84,0.8
DALYS Rates,Kuwait,Kuwait,2000,13.09,14.5,11.76,0.7
DALYS Rates,Kuwait,Kuwait,2001,9.76,10.91,8.75,0.55
DALYS Rates,Kuwait,Kuwait,2002,10.15,11.27,9.1,0.55
DALYS Rates,Kuwait,Kuwait,2003,10.42,11.6,9.36,0.57
DALYS Rates,Kuwait,Kuwait,2004,11,12.25,9.84,0.61
DALYS Rates,Kuwait,Kuwait,2005,10.47,11.72,9.4,0.59
DALYS Rates,Kuwait,Kuwait,2006,10.32,11.59,9.22,0.6
DALYS Rates,Kuwait,Kuwait,2007,9.37,10.4,8.44,0.5
DALYS Rates,Kuwait,Kuwait,2008,9.67,10.9,8.48,0.62
DALYS Rates,Kuwait,Kuwait,2009,9.03,10.07,8.05,0.52
DALYS Rates,Kuwait,Kuwait,2010,7.66,8.47,6.88,0.41
DALYS Rates,Kuwait,Kuwait,2011,6.98,7.83,6.19,0.42
DALYS Rates,Kuwait,Kuwait,2012,6.87,7.67,6.13,0.39
DALYS Rates,Kuwait,Kuwait,2013,6.5,7.28,5.78,0.38
DALYS Rates,Kuwait,Kuwait,2014,6.76,7.63,6,0.42
DALYS Rates,Kuwait,Kuwait,2015,6.76,7.67,5.94,0.44
DALYS Rates,Kuwait,Kuwait,2016,6.84,7.96,5.81,0.55
DALYS Rates,Kuwait,Kuwait,2017,6.92,8.3,5.68,0.67
DALYS Rates,Kuwait,Kuwait,2018,6.98,8.52,5.58,0.75
DALYS Rates,Kuwait,Kuwait,2019,7.03,8.8,5.59,0.82
DALYS Rates,Kyrgyzstan,Kyrgyzstan,1990,11.55,12.96,10.26,0.69
DALYS Rates,Kyrgyzstan,Kyrgyzstan,1991,11.26,12.65,10.01,0.67
DALYS Rates,Kyrgyzstan,Kyrgyzstan,1992,10.95,12.4,9.7,0.69
DALYS Rates,Kyrgyzstan,Kyrgyzstan,1993,11.29,13.02,9.66,0.86
DALYS Rates,Kyrgyzstan,Kyrgyzstan,1994,11.73,13.71,9.82,0.99
DALYS Rates,Kyrgyzstan,Kyrgyzstan,1995,11.64,13.59,9.79,0.97
DALYS Rates,Kyrgyzstan,Kyrgyzstan,1996,11.11,12.7,9.56,0.8
DALYS Rates,Kyrgyzstan,Kyrgyzstan,1997,10.66,12.01,9.34,0.68
DALYS Rates,Kyrgyzstan,Kyrgyzstan,1998,10.39,11.57,9.25,0.59
DALYS Rates,Kyrgyzstan,Kyrgyzstan,1999,10.09,11.15,9.04,0.54
DALYS Rates,Kyrgyzstan,Kyrgyzstan,2000,9.76,10.76,8.78,0.51
DALYS Rates,Kyrgyzstan,Kyrgyzstan,2001,11.71,12.92,10.59,0.59
DALYS Rates,Kyrgyzstan,Kyrgyzstan,2002,11.95,13.1,10.85,0.57
DALYS Rates,Kyrgyzstan,Kyrgyzstan,2003,11.83,12.98,10.77,0.56
DALYS Rates,Kyrgyzstan,Kyrgyzstan,2004,11.6,12.71,10.58,0.54
DALYS Rates,Kyrgyzstan,Kyrgyzstan,2005,12.24,13.4,11.16,0.57
DALYS Rates,Kyrgyzstan,Kyrgyzstan,2006,12.65,13.91,11.49,0.62
DALYS Rates,Kyrgyzstan,Kyrgyzstan,2007,12.32,13.61,11.21,0.61
DALYS Rates,Kyrgyzstan,Kyrgyzstan,2008,11.49,12.57,10.52,0.52
DALYS Rates,Kyrgyzstan,Kyrgyzstan,2009,11.75,12.82,10.77,0.52
DALYS Rates,Kyrgyzstan,Kyrgyzstan,2010,11.06,12.11,10.14,0.5
DALYS Rates,Kyrgyzstan,Kyrgyzstan,2011,11.55,12.59,10.63,0.5
DALYS Rates,Kyrgyzstan,Kyrgyzstan,2012,11.51,12.6,10.55,0.52
DALYS Rates,Kyrgyzstan,Kyrgyzstan,2013,11.44,12.54,10.46,0.53
DALYS Rates,Kyrgyzstan,Kyrgyzstan,2014,11.82,12.95,10.73,0.57
DALYS Rates,Kyrgyzstan,Kyrgyzstan,2015,12.16,13.42,11.01,0.61
DALYS Rates,Kyrgyzstan,Kyrgyzstan,2016,12.62,14.15,11.21,0.75
DALYS Rates,Kyrgyzstan,Kyrgyzstan,2017,12.91,14.45,11.4,0.78
DALYS Rates,Kyrgyzstan,Kyrgyzstan,2018,12.3,14.12,10.6,0.9
DALYS Rates,Kyrgyzstan,Kyrgyzstan,2019,12.13,14.43,10.1,1.1
DALYS Rates,Lao People's Democratic Republic,Laos,1990,79.86,107.75,54.82,13.5
DALYS Rates,Lao People's Democratic Republic,Laos,1991,79.05,105.87,54.3,13.16
DALYS Rates,Lao People's Democratic Republic,Laos,1992,78.41,105.28,54.18,13.04
DALYS Rates,Lao People's Democratic Republic,Laos,1993,77.73,103.27,53.91,12.59
DALYS Rates,Lao People's Democratic Republic,Laos,1994,76.92,101.75,53.93,12.2
DALYS Rates,Lao People's Democratic Republic,Laos,1995,76.03,101.08,53.83,12.05
DALYS Rates,Lao People's Democratic Republic,Laos,1996,74.71,99.1,53.47,11.64
DALYS Rates,Lao People's Democratic Republic,Laos,1997,73.46,97.55,52.92,11.39
DALYS Rates,Lao People's Democratic Republic,Laos,1998,72.17,94.77,52.25,10.85
DALYS Rates,Lao People's Democratic Republic,Laos,1999,70.61,91.59,51.66,10.19
DALYS Rates,Lao People's Democratic Republic,Laos,2000,68.14,88.02,50.06,9.68
DALYS Rates,Lao People's Democratic Republic,Laos,2001,66.52,85.57,49.02,9.32
DALYS Rates,Lao People's Democratic Republic,Laos,2002,64.04,81.92,47.61,8.75
DALYS Rates,Lao People's Democratic Republic,Laos,2003,62.16,79.27,46.61,8.33
DALYS Rates,Lao People's Democratic Republic,Laos,2004,60.45,77.23,45.78,8.02
DALYS Rates,Lao People's Democratic Republic,Laos,2005,59.13,75.41,44.79,7.81
DALYS Rates,Lao People's Democratic Republic,Laos,2006,57.91,74.37,43.01,8
DALYS Rates,Lao People's Democratic Republic,Laos,2007,56.58,72.09,42.01,7.67
DALYS Rates,Lao People's Democratic Republic,Laos,2008,55.47,70.73,41.23,7.53
DALYS Rates,Lao People's Democratic Republic,Laos,2009,54.25,68.92,39.86,7.41
DALYS Rates,Lao People's Democratic Republic,Laos,2010,52.85,68.33,38.02,7.73
DALYS Rates,Lao People's Democratic Republic,Laos,2011,51.62,66.72,37.17,7.54
DALYS Rates,Lao People's Democratic Republic,Laos,2012,50.52,65.56,36.19,7.49
DALYS Rates,Lao People's Democratic Republic,Laos,2013,49.88,65.42,35.46,7.64
DALYS Rates,Lao People's Democratic Republic,Laos,2014,49.47,64.37,34.96,7.5
DALYS Rates,Lao People's Democratic Republic,Laos,2015,48.99,63.7,34.73,7.39
DALYS Rates,Lao People's Democratic Republic,Laos,2016,48.46,63.64,34.44,7.45
DALYS Rates,Lao People's Democratic Republic,Laos,2017,47.89,63.43,33.79,7.56
DALYS Rates,Lao People's Democratic Republic,Laos,2018,47.48,63.16,33.43,7.58
DALYS Rates,Lao People's Democratic Republic,Laos,2019,47.11,62.49,33.4,7.42
DALYS Rates,Lebanon,Lebanon,1990,21.61,27.15,16.29,2.77
DALYS Rates,Lebanon,Lebanon,1991,21.02,26.01,16.07,2.54
DALYS Rates,Lebanon,Lebanon,1992,20.61,25.06,16.1,2.29
DALYS Rates,Lebanon,Lebanon,1993,20.21,24.43,16.09,2.13
DALYS Rates,Lebanon,Lebanon,1994,19.61,23.41,16.02,1.89
DALYS Rates,Lebanon,Lebanon,1995,19.03,22.63,15.84,1.73
DALYS Rates,Lebanon,Lebanon,1996,18.57,21.86,15.62,1.59
DALYS Rates,Lebanon,Lebanon,1997,18.27,21.51,15.33,1.58
DALYS Rates,Lebanon,Lebanon,1998,17.97,21.28,15,1.6
DALYS Rates,Lebanon,Lebanon,1999,17.34,20.61,14.39,1.59
DALYS Rates,Lebanon,Lebanon,2000,16.74,20.01,13.85,1.57
DALYS Rates,Lebanon,Lebanon,2001,16.17,19.47,13.31,1.57
DALYS Rates,Lebanon,Lebanon,2002,15.68,19,12.88,1.56
DALYS Rates,Lebanon,Lebanon,2003,15.31,18.37,12.75,1.43
DALYS Rates,Lebanon,Lebanon,2004,15.06,17.88,12.7,1.32
DALYS Rates,Lebanon,Lebanon,2005,14.89,17.66,12.5,1.32
DALYS Rates,Lebanon,Lebanon,2006,14.89,17.7,12.59,1.3
DALYS Rates,Lebanon,Lebanon,2007,14.71,17.5,12.41,1.3
DALYS Rates,Lebanon,Lebanon,2008,14.69,17.51,12.36,1.31
DALYS Rates,Lebanon,Lebanon,2009,14.64,17.83,12.25,1.42
DALYS Rates,Lebanon,Lebanon,2010,14.52,17.76,12.04,1.46
DALYS Rates,Lebanon,Lebanon,2011,14.55,18.09,11.93,1.57
DALYS Rates,Lebanon,Lebanon,2012,14.52,18.22,11.77,1.65
DALYS Rates,Lebanon,Lebanon,2013,14.52,18.34,11.74,1.68
DALYS Rates,Lebanon,Lebanon,2014,14.51,18.48,11.64,1.74
DALYS Rates,Lebanon,Lebanon,2015,14.49,18.64,11.48,1.83
DALYS Rates,Lebanon,Lebanon,2016,14.41,18.64,11.3,1.87
DALYS Rates,Lebanon,Lebanon,2017,14.34,18.77,11.18,1.94
DALYS Rates,Lebanon,Lebanon,2018,14.27,18.68,10.95,1.97
DALYS Rates,Lebanon,Lebanon,2019,14.18,18.82,10.91,2.02
DALYS Rates,Malaysia,Malaysia,1990,228.12,257.93,193.56,16.42
DALYS Rates,Malaysia,Malaysia,1991,221.76,250.71,188.8,15.79
DALYS Rates,Malaysia,Malaysia,1992,216.91,245.06,184.83,15.36
DALYS Rates,Malaysia,Malaysia,1993,212.37,240.52,181.42,15.08
DALYS Rates,Malaysia,Malaysia,1994,207.97,235.84,178.12,14.72
DALYS Rates,Malaysia,Malaysia,1995,210.47,236.17,183.79,13.36
DALYS Rates,Malaysia,Malaysia,1996,203.73,227.82,179.41,12.35
DALYS Rates,Malaysia,Malaysia,1997,197.4,218.88,174.77,11.25
DALYS Rates,Malaysia,Malaysia,1998,188.86,207.89,169.2,9.87
DALYS Rates,Malaysia,Malaysia,1999,195.98,216.37,174.18,10.76
DALYS Rates,Malaysia,Malaysia,2000,179.99,196.53,163.27,8.48
DALYS Rates,Malaysia,Malaysia,2001,170.09,184.29,156.04,7.21
DALYS Rates,Malaysia,Malaysia,2002,161.47,173.25,149.33,6.1
DALYS Rates,Malaysia,Malaysia,2003,158.3,169.54,147.15,5.71
DALYS Rates,Malaysia,Malaysia,2004,151.6,161.82,140.68,5.39
DALYS Rates,Malaysia,Malaysia,2005,144.1,154.08,133.87,5.16
DALYS Rates,Malaysia,Malaysia,2006,137.83,147.32,128.4,4.83
DALYS Rates,Malaysia,Malaysia,2007,132.8,142.27,123.24,4.85
DALYS Rates,Malaysia,Malaysia,2008,132,142.16,121.97,5.15
DALYS Rates,Malaysia,Malaysia,2009,131.31,142.55,120.46,5.64
DALYS Rates,Malaysia,Malaysia,2010,127.18,140.66,115.02,6.54
DALYS Rates,Malaysia,Malaysia,2011,124.39,138.83,111.89,6.87
DALYS Rates,Malaysia,Malaysia,2012,123.99,136.16,113.65,5.74
DALYS Rates,Malaysia,Malaysia,2013,123.59,137.79,111.36,6.74
DALYS Rates,Malaysia,Malaysia,2014,128.74,143.27,116.03,6.95
DALYS Rates,Malaysia,Malaysia,2015,132.76,152.66,115.56,9.46
DALYS Rates,Malaysia,Malaysia,2016,137.59,164.39,114.99,12.6
DALYS Rates,Malaysia,Malaysia,2017,142.51,175.51,114.82,15.48
DALYS Rates,Malaysia,Malaysia,2018,147.04,184.94,115.13,17.81
DALYS Rates,Malaysia,Malaysia,2019,152.29,195.12,115.68,20.27
DALYS Rates,Maldives,Maldives,1990,12.15,15.64,8.52,1.82
DALYS Rates,Maldives,Maldives,1991,12.05,15.35,8.48,1.75
DALYS Rates,Maldives,Maldives,1992,11.94,15.26,8.54,1.71
DALYS Rates,Maldives,Maldives,1993,11.71,14.97,8.49,1.65
DALYS Rates,Maldives,Maldives,1994,11.39,14.48,8.41,1.55
DALYS Rates,Maldives,Maldives,1995,11.14,13.88,8.37,1.41
DALYS Rates,Maldives,Maldives,1996,10.95,13.51,8.35,1.32
DALYS Rates,Maldives,Maldives,1997,10.59,12.93,8.18,1.21
DALYS Rates,Maldives,Maldives,1998,10.08,12.11,8,1.05
DALYS Rates,Maldives,Maldives,1999,9.41,11.22,7.63,0.92
DALYS Rates,Maldives,Maldives,2000,9.09,10.71,7.5,0.82
DALYS Rates,Maldives,Maldives,2001,8.72,10.18,7.32,0.73
DALYS Rates,Maldives,Maldives,2002,8.23,9.59,7,0.66
DALYS Rates,Maldives,Maldives,2003,7.8,8.99,6.7,0.58
DALYS Rates,Maldives,Maldives,2004,7.38,8.48,6.36,0.54
DALYS Rates,Maldives,Maldives,2005,7.05,8.05,6.06,0.51
DALYS Rates,Maldives,Maldives,2006,6.77,7.77,5.81,0.5
DALYS Rates,Maldives,Maldives,2007,6.49,7.41,5.58,0.47
DALYS Rates,Maldives,Maldives,2008,6.26,7.14,5.44,0.43
DALYS Rates,Maldives,Maldives,2009,6.07,6.91,5.29,0.41
DALYS Rates,Maldives,Maldives,2010,5.93,6.74,5.18,0.4
DALYS Rates,Maldives,Maldives,2011,5.61,6.38,4.91,0.38
DALYS Rates,Maldives,Maldives,2012,5.48,6.25,4.82,0.36
DALYS Rates,Maldives,Maldives,2013,5.36,6.14,4.69,0.37
DALYS Rates,Maldives,Maldives,2014,5.23,6.02,4.56,0.37
DALYS Rates,Maldives,Maldives,2015,5.12,5.95,4.4,0.4
DALYS Rates,Maldives,Maldives,2016,5.16,6.1,4.33,0.45
DALYS Rates,Maldives,Maldives,2017,5.19,6.2,4.33,0.48
DALYS Rates,Maldives,Maldives,2018,5.23,6.35,4.32,0.52
DALYS Rates,Maldives,Maldives,2019,5.28,6.42,4.28,0.55
DALYS Rates,Mongolia,Mongolia,1990,8.86,10.96,6.92,1.03
DALYS Rates,Mongolia,Mongolia,1991,9.05,11.23,7.05,1.07
DALYS Rates,Mongolia,Mongolia,1992,9.22,11.47,7.24,1.08
DALYS Rates,Mongolia,Mongolia,1993,9.47,11.79,7.37,1.13
DALYS Rates,Mongolia,Mongolia,1994,9.62,11.88,7.51,1.11
DALYS Rates,Mongolia,Mongolia,1995,9.91,12.24,7.76,1.14
DALYS Rates,Mongolia,Mongolia,1996,10.07,12.38,7.92,1.14
DALYS Rates,Mongolia,Mongolia,1997,10.05,12.36,7.94,1.13
DALYS Rates,Mongolia,Mongolia,1998,10.06,12.43,7.92,1.15
DALYS Rates,Mongolia,Mongolia,1999,10.15,12.52,7.97,1.16
DALYS Rates,Mongolia,Mongolia,2000,10.28,12.73,8.03,1.2
DALYS Rates,Mongolia,Mongolia,2001,10.48,13.05,8.29,1.21
DALYS Rates,Mongolia,Mongolia,2002,10.65,13.26,8.43,1.23
DALYS Rates,Mongolia,Mongolia,2003,10.74,13.49,8.54,1.26
DALYS Rates,Mongolia,Mongolia,2004,10.76,13.51,8.53,1.27
DALYS Rates,Mongolia,Mongolia,2005,10.78,13.55,8.5,1.29
DALYS Rates,Mongolia,Mongolia,2006,10.76,13.51,8.51,1.28
DALYS Rates,Mongolia,Mongolia,2007,10.61,13.3,8.38,1.26
DALYS Rates,Mongolia,Mongolia,2008,10.41,13.01,8.16,1.24
DALYS Rates,Mongolia,Mongolia,2009,10.44,13.07,8.13,1.26
DALYS Rates,Mongolia,Mongolia,2010,10.46,13.15,8.12,1.28
DALYS Rates,Mongolia,Mongolia,2011,10.34,13.09,8.01,1.3
DALYS Rates,Mongolia,Mongolia,2012,10.13,12.82,7.88,1.26
DALYS Rates,Mongolia,Mongolia,2013,9.92,12.58,7.63,1.26
DALYS Rates,Mongolia,Mongolia,2014,9.74,12.4,7.48,1.26
DALYS Rates,Mongolia,Mongolia,2015,9.62,12.4,7.29,1.3
DALYS Rates,Mongolia,Mongolia,2016,9.58,12.44,7.24,1.33
DALYS Rates,Mongolia,Mongolia,2017,9.51,12.4,7.08,1.36
DALYS Rates,Mongolia,Mongolia,2018,9.45,12.36,6.97,1.38
DALYS Rates,Mongolia,Mongolia,2019,9.4,12.31,6.98,1.36
DALYS Rates,Myanmar,Myanmar,1990,71.35,95.02,50.52,11.35
DALYS Rates,Myanmar,Myanmar,1991,71.34,94.92,50.65,11.29
DALYS Rates,Myanmar,Myanmar,1992,71,94.22,50.12,11.25
DALYS Rates,Myanmar,Myanmar,1993,70.6,93.42,50.17,11.03
DALYS Rates,Myanmar,Myanmar,1994,70.04,92.29,49.47,10.92
DALYS Rates,Myanmar,Myanmar,1995,69.46,90.93,49.44,10.58
DALYS Rates,Myanmar,Myanmar,1996,68.66,89.41,48.91,10.33
DALYS Rates,Myanmar,Myanmar,1997,67.81,88.01,48.94,9.97
DALYS Rates,Myanmar,Myanmar,1998,66.93,86.9,48.3,9.85
DALYS Rates,Myanmar,Myanmar,1999,65.78,84.69,48.05,9.35
DALYS Rates,Myanmar,Myanmar,2000,64.92,83.42,47.71,9.11
DALYS Rates,Myanmar,Myanmar,2001,63.37,80.58,46.6,8.67
DALYS Rates,Myanmar,Myanmar,2002,62.09,78.44,45.75,8.34
DALYS Rates,Myanmar,Myanmar,2003,60.7,76.55,45.02,8.04
DALYS Rates,Myanmar,Myanmar,2004,59.78,75.07,45.11,7.64
DALYS Rates,Myanmar,Myanmar,2005,58.12,73.21,44.03,7.44
DALYS Rates,Myanmar,Myanmar,2006,56.67,70.65,43.54,6.92
DALYS Rates,Myanmar,Myanmar,2007,54.59,67.4,41.99,6.48
DALYS Rates,Myanmar,Myanmar,2008,52.54,65.13,40.9,6.18
DALYS Rates,Myanmar,Myanmar,2009,50.96,63.13,39.96,5.91
DALYS Rates,Myanmar,Myanmar,2010,49.18,60.77,38.41,5.7
DALYS Rates,Myanmar,Myanmar,2011,47.95,59.88,37.83,5.63
DALYS Rates,Myanmar,Myanmar,2012,46.34,57.64,36.73,5.33
DALYS Rates,Myanmar,Myanmar,2013,45.68,56.88,36.48,5.2
DALYS Rates,Myanmar,Myanmar,2014,44.95,55.92,36.06,5.07
DALYS Rates,Myanmar,Myanmar,2015,44.22,54.85,35.6,4.91
DALYS Rates,Myanmar,Myanmar,2016,43.6,54.53,35.2,4.93
DALYS Rates,Myanmar,Myanmar,2017,43.12,54.18,34.72,4.96
DALYS Rates,Myanmar,Myanmar,2018,42.6,54.06,33.84,5.16
DALYS Rates,Myanmar,Myanmar,2019,41.99,53.3,33.12,5.15
DALYS Rates,Nepal,Nepal,1990,41.27,53.85,31.07,5.81
DALYS Rates,Nepal,Nepal,1991,40.38,52.4,30.67,5.54
DALYS Rates,Nepal,Nepal,1992,39.29,50.54,30.07,5.22
DALYS Rates,Nepal,Nepal,1993,38.59,49.45,29.81,5.01
DALYS Rates,Nepal,Nepal,1994,37.41,47.68,29.02,4.76
DALYS Rates,Nepal,Nepal,1995,36.21,45.7,28.52,4.38
DALYS Rates,Nepal,Nepal,1996,34.74,44.19,27.44,4.27
DALYS Rates,Nepal,Nepal,1997,33.53,42.78,26.47,4.16
DALYS Rates,Nepal,Nepal,1998,32.29,41.01,25.58,3.94
DALYS Rates,Nepal,Nepal,1999,31.07,39.1,24.9,3.62
DALYS Rates,Nepal,Nepal,2000,29.96,37.18,24.08,3.34
DALYS Rates,Nepal,Nepal,2001,28.98,35.63,23.28,3.15
DALYS Rates,Nepal,Nepal,2002,28.27,34.91,22.73,3.11
DALYS Rates,Nepal,Nepal,2003,27.82,34.39,22.18,3.11
DALYS Rates,Nepal,Nepal,2004,27.6,34.04,21.85,3.11
DALYS Rates,Nepal,Nepal,2005,27.53,34.1,21.78,3.14
DALYS Rates,Nepal,Nepal,2006,27.54,34,21.77,3.12
DALYS Rates,Nepal,Nepal,2007,27.66,34.16,21.66,3.19
DALYS Rates,Nepal,Nepal,2008,27.79,34.36,21.7,3.23
DALYS Rates,Nepal,Nepal,2009,27.93,34.34,21.79,3.2
DALYS Rates,Nepal,Nepal,2010,28.07,34.62,21.96,3.23
DALYS Rates,Nepal,Nepal,2011,28.39,35.1,22.11,3.31
DALYS Rates,Nepal,Nepal,2012,28.67,35.42,22.23,3.36
DALYS Rates,Nepal,Nepal,2013,28.94,36.14,22.57,3.46
DALYS Rates,Nepal,Nepal,2014,29.13,36.31,22.63,3.49
DALYS Rates,Nepal,Nepal,2015,29.56,37.19,22.94,3.64
DALYS Rates,Nepal,Nepal,2016,29.68,37.27,22.78,3.7
DALYS Rates,Nepal,Nepal,2017,29.72,37.51,22.57,3.81
DALYS Rates,Nepal,Nepal,2018,29.84,37.97,22.34,3.99
DALYS Rates,Nepal,Nepal,2019,29.9,38.11,21.77,4.17
DALYS Rates,Oman,Oman,1990,16.33,21.28,12.16,2.33
DALYS Rates,Oman,Oman,1991,16.16,21.01,12.04,2.29
DALYS Rates,Oman,Oman,1992,16.17,20.95,12.2,2.23
DALYS Rates,Oman,Oman,1993,16.14,20.69,12.43,2.11
DALYS Rates,Oman,Oman,1994,16.32,20.83,12.69,2.08
DALYS Rates,Oman,Oman,1995,16.51,21.01,13.06,2.03
DALYS Rates,Oman,Oman,1996,15.92,20.02,12.76,1.85
DALYS Rates,Oman,Oman,1997,15.5,19.3,12.47,1.74
DALYS Rates,Oman,Oman,1998,15.18,18.54,12.36,1.58
DALYS Rates,Oman,Oman,1999,15.01,18.12,12.37,1.47
DALYS Rates,Oman,Oman,2000,14.19,17.01,11.82,1.32
DALYS Rates,Oman,Oman,2001,13.54,15.99,11.4,1.17
DALYS Rates,Oman,Oman,2002,13.14,15.33,11.17,1.06
DALYS Rates,Oman,Oman,2003,12.65,14.58,10.88,0.94
DALYS Rates,Oman,Oman,2004,12.1,13.71,10.62,0.79
DALYS Rates,Oman,Oman,2005,11.7,13.17,10.43,0.7
DALYS Rates,Oman,Oman,2006,11.25,12.67,10.04,0.67
DALYS Rates,Oman,Oman,2007,11.41,12.74,10.21,0.65
DALYS Rates,Oman,Oman,2008,11.96,13.37,10.74,0.67
DALYS Rates,Oman,Oman,2009,11.93,13.3,10.7,0.66
DALYS Rates,Oman,Oman,2010,11.84,13.12,10.64,0.63
DALYS Rates,Oman,Oman,2011,11.51,12.88,10.21,0.68
DALYS Rates,Oman,Oman,2012,11.01,12.67,9.57,0.79
DALYS Rates,Oman,Oman,2013,10.45,12.39,8.92,0.89
DALYS Rates,Oman,Oman,2014,9.87,12.04,8.27,0.96
DALYS Rates,Oman,Oman,2015,9.72,11.87,8.12,0.96
DALYS Rates,Oman,Oman,2016,9.36,11.56,7.77,0.97
DALYS Rates,Oman,Oman,2017,9.14,11.37,7.45,1
DALYS Rates,Oman,Oman,2018,8.82,11.13,7.02,1.05
DALYS Rates,Oman,Oman,2019,8.61,11.07,6.7,1.11
DALYS Rates,Pakistan,Pakistan,1990,46.51,53.31,39.57,3.51
DALYS Rates,Pakistan,Pakistan,1991,47.33,53.92,40.18,3.51
DALYS Rates,Pakistan,Pakistan,1992,48.57,55.16,41.44,3.5
DALYS Rates,Pakistan,Pakistan,1993,49.58,57.14,42.5,3.73
DALYS Rates,Pakistan,Pakistan,1994,50.88,58.57,43.96,3.73
DALYS Rates,Pakistan,Pakistan,1995,52.44,61.02,44.61,4.19
DALYS Rates,Pakistan,Pakistan,1996,53.42,62.65,45.81,4.3
DALYS Rates,Pakistan,Pakistan,1997,53.4,62.41,45.7,4.26
DALYS Rates,Pakistan,Pakistan,1998,52.75,61.43,45.53,4.06
DALYS Rates,Pakistan,Pakistan,1999,52.2,60.66,45.26,3.93
DALYS Rates,Pakistan,Pakistan,2000,51.8,59.9,44.4,3.95
DALYS Rates,Pakistan,Pakistan,2001,52.19,60.03,45.05,3.82
DALYS Rates,Pakistan,Pakistan,2002,52.24,60.48,45.35,3.86
DALYS Rates,Pakistan,Pakistan,2003,52.06,60.48,44.95,3.96
DALYS Rates,Pakistan,Pakistan,2004,51.74,59.64,44.62,3.83
DALYS Rates,Pakistan,Pakistan,2005,51.42,59.82,44.54,3.9
DALYS Rates,Pakistan,Pakistan,2006,50.9,59.69,43.41,4.15
DALYS Rates,Pakistan,Pakistan,2007,50.13,58.82,42.59,4.14
DALYS Rates,Pakistan,Pakistan,2008,49.9,58.79,41.08,4.52
DALYS Rates,Pakistan,Pakistan,2009,49.34,58.41,41.42,4.33
DALYS Rates,Pakistan,Pakistan,2010,48.74,58.39,40.17,4.65
DALYS Rates,Pakistan,Pakistan,2011,48.23,57.64,39.58,4.61
DALYS Rates,Pakistan,Pakistan,2012,47.95,58.06,38.39,5.02
DALYS Rates,Pakistan,Pakistan,2013,48.02,57.91,38.58,4.93
DALYS Rates,Pakistan,Pakistan,2014,47.87,58.26,38.19,5.12
DALYS Rates,Pakistan,Pakistan,2015,47.56,58.88,38.3,5.25
DALYS Rates,Pakistan,Pakistan,2016,47.25,58.09,38.27,5.06
DALYS Rates,Pakistan,Pakistan,2017,46.77,58.36,37.22,5.39
DALYS Rates,Pakistan,Pakistan,2018,46.2,58.21,36.9,5.44
DALYS Rates,Pakistan,Pakistan,2019,45.65,57.03,36.3,5.29
DALYS Rates,Palestine,Palestine,1990,10.25,14.15,7.11,1.8
DALYS Rates,Palestine,Palestine,1991,10,13.79,7.06,1.72
DALYS Rates,Palestine,Palestine,1992,9.69,13.19,6.98,1.58
DALYS Rates,Palestine,Palestine,1993,9.4,12.55,6.83,1.46
DALYS Rates,Palestine,Palestine,1994,9.09,11.91,6.71,1.33
DALYS Rates,Palestine,Palestine,1995,8.8,11.51,6.55,1.27
DALYS Rates,Palestine,Palestine,1996,8.55,11.02,6.52,1.15
DALYS Rates,Palestine,Palestine,1997,8.34,10.53,6.44,1.04
DALYS Rates,Palestine,Palestine,1998,8.17,10.06,6.58,0.89
DALYS Rates,Palestine,Palestine,1999,8.04,9.74,6.63,0.79
DALYS Rates,Palestine,Palestine,2000,7.94,9.42,6.64,0.71
DALYS Rates,Palestine,Palestine,2001,7.92,9.35,6.66,0.69
DALYS Rates,Palestine,Palestine,2002,8,9.37,6.74,0.67
DALYS Rates,Palestine,Palestine,2003,8.04,9.41,6.86,0.65
DALYS Rates,Palestine,Palestine,2004,8.15,9.45,7.04,0.61
DALYS Rates,Palestine,Palestine,2005,8.17,9.38,7.13,0.57
DALYS Rates,Palestine,Palestine,2006,8.22,9.37,7.24,0.54
DALYS Rates,Palestine,Palestine,2007,8.16,9.32,7.23,0.53
DALYS Rates,Palestine,Palestine,2008,8.04,9.15,7.11,0.52
DALYS Rates,Palestine,Palestine,2009,7.96,9.08,7.02,0.53
DALYS Rates,Palestine,Palestine,2010,7.93,9.05,6.95,0.54
DALYS Rates,Palestine,Palestine,2011,8.01,9.04,7.01,0.52
DALYS Rates,Palestine,Palestine,2012,8.02,9.09,7.03,0.53
DALYS Rates,Palestine,Palestine,2013,7.73,8.75,6.8,0.5
DALYS Rates,Palestine,Palestine,2014,7.89,8.96,6.9,0.53
DALYS Rates,Palestine,Palestine,2015,7.97,9.08,6.99,0.53
DALYS Rates,Palestine,Palestine,2016,7.79,8.89,6.79,0.54
DALYS Rates,Palestine,Palestine,2017,7.72,8.96,6.61,0.6
DALYS Rates,Palestine,Palestine,2018,7.7,9.09,6.46,0.67
DALYS Rates,Palestine,Palestine,2019,7.74,9.34,6.4,0.75
DALYS Rates,Philippines,Philippines,1990,64.59,73.58,55.5,4.61
DALYS Rates,Philippines,Philippines,1991,63.73,72.48,55.81,4.25
DALYS Rates,Philippines,Philippines,1992,64.68,73.18,55.8,4.43
DALYS Rates,Philippines,Philippines,1993,65.27,74.02,56.39,4.5
DALYS Rates,Philippines,Philippines,1994,65.39,73.51,56.54,4.33
DALYS Rates,Philippines,Philippines,1995,64.86,73.07,56.25,4.29
DALYS Rates,Philippines,Philippines,1996,64.9,73.28,57.54,4.02
DALYS Rates,Philippines,Philippines,1997,63.73,71.14,56.43,3.75
DALYS Rates,Philippines,Philippines,1998,62.65,69.93,55.75,3.62
DALYS Rates,Philippines,Philippines,1999,59.38,65.73,53.37,3.15
DALYS Rates,Philippines,Philippines,2000,57.72,64.18,51.99,3.11
DALYS Rates,Philippines,Philippines,2001,56.47,62.25,51.62,2.71
DALYS Rates,Philippines,Philippines,2002,55.52,61.6,50.63,2.8
DALYS Rates,Philippines,Philippines,2003,54.27,60.43,49,2.92
DALYS Rates,Philippines,Philippines,2004,53.72,59.67,48.96,2.73
DALYS Rates,Philippines,Philippines,2005,53.95,60.11,49.37,2.74
DALYS Rates,Philippines,Philippines,2006,53.82,60.01,49.35,2.72
DALYS Rates,Philippines,Philippines,2007,53.13,58.85,48.76,2.57
DALYS Rates,Philippines,Philippines,2008,53.19,58.95,48.8,2.59
DALYS Rates,Philippines,Philippines,2009,52.96,59.24,48.55,2.73
DALYS Rates,Philippines,Philippines,2010,52.53,59.11,47.83,2.88
DALYS Rates,Philippines,Philippines,2011,52.24,58.16,47.9,2.62
DALYS Rates,Philippines,Philippines,2012,51.88,58.53,47.18,2.9
DALYS Rates,Philippines,Philippines,2013,51.56,58.52,46.69,3.02
DALYS Rates,Philippines,Philippines,2014,51.68,58.98,45.97,3.32
DALYS Rates,Philippines,Philippines,2015,52.23,59.98,46.45,3.45
DALYS Rates,Philippines,Philippines,2016,52.35,61.57,44.49,4.36
DALYS Rates,Philippines,Philippines,2017,51.99,62.78,43.06,5.03
DALYS Rates,Philippines,Philippines,2018,51.53,63.62,42.49,5.39
DALYS Rates,Philippines,Philippines,2019,51.17,62.46,41.36,5.38
DALYS Rates,Qatar,Qatar,1990,14.15,18.93,10.72,2.09
DALYS Rates,Qatar,Qatar,1991,13.99,18.57,10.68,2.01
DALYS Rates,Qatar,Qatar,1992,13.92,18.47,10.85,1.94
DALYS Rates,Qatar,Qatar,1993,13.68,17.65,10.7,1.77
DALYS Rates,Qatar,Qatar,1994,12.84,16.29,9.95,1.62
DALYS Rates,Qatar,Qatar,1995,12.37,15.68,9.59,1.55
DALYS Rates,Qatar,Qatar,1996,12.93,16.58,10.06,1.66
DALYS Rates,Qatar,Qatar,1997,13.18,17.14,10.15,1.78
DALYS Rates,Qatar,Qatar,1998,12.98,16.86,10.13,1.72
DALYS Rates,Qatar,Qatar,1999,12.58,16.11,9.86,1.59
DALYS Rates,Qatar,Qatar,2000,12.08,15.34,9.54,1.48
DALYS Rates,Qatar,Qatar,2001,11.49,14.1,9.23,1.24
DALYS Rates,Qatar,Qatar,2002,11.35,13.74,9.13,1.18
DALYS Rates,Qatar,Qatar,2003,11.2,13.57,8.99,1.17
DALYS Rates,Qatar,Qatar,2004,10.76,13.08,8.69,1.12
DALYS Rates,Qatar,Qatar,2005,10.76,13.1,8.72,1.12
DALYS Rates,Qatar,Qatar,2006,10.47,12.86,8.41,1.14
DALYS Rates,Qatar,Qatar,2007,10.39,12.75,8.32,1.13
DALYS Rates,Qatar,Qatar,2008,9.79,12.03,7.84,1.07
DALYS Rates,Qatar,Qatar,2009,10.47,12.87,8.35,1.15
DALYS Rates,Qatar,Qatar,2010,11.24,13.75,8.92,1.23
DALYS Rates,Qatar,Qatar,2011,10.62,13.31,8.35,1.27
DALYS Rates,Qatar,Qatar,2012,10.28,13.15,8.12,1.28
DALYS Rates,Qatar,Qatar,2013,9.91,12.64,7.78,1.24
DALYS Rates,Qatar,Qatar,2014,9.72,12.67,7.54,1.31
DALYS Rates,Qatar,Qatar,2015,9.51,12.78,7.14,1.44
DALYS Rates,Qatar,Qatar,2016,9.36,13.07,6.9,1.57
DALYS Rates,Qatar,Qatar,2017,9.11,12.91,6.49,1.64
DALYS Rates,Qatar,Qatar,2018,9.23,12.76,6.54,1.59
DALYS Rates,Qatar,Qatar,2019,8.99,12.65,6.35,1.61
DALYS Rates,Republic of Korea,South Korea,1990,12.42,14.49,10.45,1.03
DALYS Rates,Republic of Korea,South Korea,1991,12.02,13.98,10.26,0.95
DALYS Rates,Republic of Korea,South Korea,1992,11.46,13.09,9.95,0.8
DALYS Rates,Republic of Korea,South Korea,1993,11.08,12.53,9.74,0.71
DALYS Rates,Republic of Korea,South Korea,1994,10.89,12.24,9.65,0.66
DALYS Rates,Republic of Korea,South Korea,1995,10.53,11.61,9.56,0.52
DALYS Rates,Republic of Korea,South Korea,1996,10.41,11.38,9.56,0.46
DALYS Rates,Republic of Korea,South Korea,1997,10.15,11,9.39,0.41
DALYS Rates,Republic of Korea,South Korea,1998,9.87,10.63,9.16,0.38
DALYS Rates,Republic of Korea,South Korea,1999,9.79,10.5,9.09,0.36
DALYS Rates,Republic of Korea,South Korea,2000,9.78,10.44,9.12,0.34
DALYS Rates,Republic of Korea,South Korea,2001,9.65,10.3,9.02,0.33
DALYS Rates,Republic of Korea,South Korea,2002,9.47,10.1,8.86,0.32
DALYS Rates,Republic of Korea,South Korea,2003,9.29,9.92,8.7,0.31
DALYS Rates,Republic of Korea,South Korea,2004,9.07,9.7,8.48,0.31
DALYS Rates,Republic of Korea,South Korea,2005,8.78,9.41,8.22,0.3
DALYS Rates,Republic of Korea,South Korea,2006,8.56,9.17,7.99,0.3
DALYS Rates,Republic of Korea,South Korea,2007,8.45,9.14,7.89,0.32
DALYS Rates,Republic of Korea,South Korea,2008,8.38,9.05,7.83,0.31
DALYS Rates,Republic of Korea,South Korea,2009,8.34,9.03,7.79,0.32
DALYS Rates,Republic of Korea,South Korea,2010,8.14,8.84,7.59,0.32
DALYS Rates,Republic of Korea,South Korea,2011,7.95,8.62,7.4,0.31
DALYS Rates,Republic of Korea,South Korea,2012,7.79,8.45,7.23,0.31
DALYS Rates,Republic of Korea,South Korea,2013,7.74,8.37,7.15,0.31
DALYS Rates,Republic of Korea,South Korea,2014,7.62,8.29,7.01,0.33
DALYS Rates,Republic of Korea,South Korea,2015,7.47,8.22,6.78,0.37
DALYS Rates,Republic of Korea,South Korea,2016,7.35,8.16,6.57,0.41
DALYS Rates,Republic of Korea,South Korea,2017,7.32,8.22,6.47,0.45
DALYS Rates,Republic of Korea,South Korea,2018,7.32,8.28,6.41,0.48
DALYS Rates,Republic of Korea,South Korea,2019,7.34,8.41,6.4,0.51
DALYS Rates,Saudi Arabia,Saudi Arabia,1990,40.45,53.46,28.96,6.25
DALYS Rates,Saudi Arabia,Saudi Arabia,1991,40.64,53.4,29.48,6.1
DALYS Rates,Saudi Arabia,Saudi Arabia,1992,40.72,52.64,30.31,5.7
DALYS Rates,Saudi Arabia,Saudi Arabia,1993,40.89,52.4,30.87,5.49
DALYS Rates,Saudi Arabia,Saudi Arabia,1994,41.1,51.58,31.41,5.15
DALYS Rates,Saudi Arabia,Saudi Arabia,1995,40.42,50.42,31.36,4.86
DALYS Rates,Saudi Arabia,Saudi Arabia,1996,40.13,50.06,31.84,4.65
DALYS Rates,Saudi Arabia,Saudi Arabia,1997,39.03,47.71,31.25,4.2
DALYS Rates,Saudi Arabia,Saudi Arabia,1998,38,45.75,31.24,3.7
DALYS Rates,Saudi Arabia,Saudi Arabia,1999,36.96,44.47,30.29,3.62
DALYS Rates,Saudi Arabia,Saudi Arabia,2000,35.41,42.01,29.45,3.2
DALYS Rates,Saudi Arabia,Saudi Arabia,2001,33.61,39.61,28.23,2.9
DALYS Rates,Saudi Arabia,Saudi Arabia,2002,32.12,37.57,27.31,2.62
DALYS Rates,Saudi Arabia,Saudi Arabia,2003,30.97,35.66,26.59,2.31
DALYS Rates,Saudi Arabia,Saudi Arabia,2004,29.79,34.26,25.81,2.16
DALYS Rates,Saudi Arabia,Saudi Arabia,2005,29.31,33.81,25.59,2.1
DALYS Rates,Saudi Arabia,Saudi Arabia,2006,28.77,33.18,25.05,2.07
DALYS Rates,Saudi Arabia,Saudi Arabia,2007,28.73,33.02,25.11,2.02
DALYS Rates,Saudi Arabia,Saudi Arabia,2008,29.33,34.73,25.4,2.38
DALYS Rates,Saudi Arabia,Saudi Arabia,2009,28.67,33.74,24.72,2.3
DALYS Rates,Saudi Arabia,Saudi Arabia,2010,28.55,33.71,24.58,2.33
DALYS Rates,Saudi Arabia,Saudi Arabia,2011,27.79,32.97,23.74,2.35
DALYS Rates,Saudi Arabia,Saudi Arabia,2012,27.14,32.73,22.91,2.51
DALYS Rates,Saudi Arabia,Saudi Arabia,2013,27,32.87,22.69,2.6
DALYS Rates,Saudi Arabia,Saudi Arabia,2014,26.79,32.96,22.23,2.74
DALYS Rates,Saudi Arabia,Saudi Arabia,2015,26.31,32.2,21.45,2.74
DALYS Rates,Saudi Arabia,Saudi Arabia,2016,26.16,32.35,20.89,2.92
DALYS Rates,Saudi Arabia,Saudi Arabia,2017,25.92,32.17,20.28,3.03
DALYS Rates,Saudi Arabia,Saudi Arabia,2018,25.65,32.16,20.04,3.09
DALYS Rates,Saudi Arabia,Saudi Arabia,2019,25.51,32.5,19.74,3.26
DALYS Rates,Singapore,Singapore,1990,200.94,214.82,187.9,6.87
DALYS Rates,Singapore,Singapore,1991,198.96,212.17,186.38,6.58
DALYS Rates,Singapore,Singapore,1992,193.47,206.17,181.56,6.28
DALYS Rates,Singapore,Singapore,1993,187.5,199.17,175.91,5.93
DALYS Rates,Singapore,Singapore,1994,183.91,195.75,172.31,5.98
DALYS Rates,Singapore,Singapore,1995,172.77,184.81,162.04,5.81
DALYS Rates,Singapore,Singapore,1996,173.32,185.29,162.18,5.9
DALYS Rates,Singapore,Singapore,1997,162.53,173.19,152.45,5.29
DALYS Rates,Singapore,Singapore,1998,151.04,160.66,141.74,4.83
DALYS Rates,Singapore,Singapore,1999,138.76,147.71,130.3,4.44
DALYS Rates,Singapore,Singapore,2000,124.68,132.74,116.66,4.1
DALYS Rates,Singapore,Singapore,2001,120.16,128.52,112.55,4.07
DALYS Rates,Singapore,Singapore,2002,112.77,120.63,105.48,3.86
DALYS Rates,Singapore,Singapore,2003,103.91,111.4,96.89,3.7
DALYS Rates,Singapore,Singapore,2004,94.41,101.18,88.22,3.31
DALYS Rates,Singapore,Singapore,2005,88.99,95.08,83.12,3.05
DALYS Rates,Singapore,Singapore,2006,85.44,91.44,79.76,2.98
DALYS Rates,Singapore,Singapore,2007,83.74,89.5,77.99,2.94
DALYS Rates,Singapore,Singapore,2008,82.24,88.3,76.69,2.96
DALYS Rates,Singapore,Singapore,2009,81.71,88.21,75.83,3.16
DALYS Rates,Singapore,Singapore,2010,81.03,87.45,75.04,3.17
DALYS Rates,Singapore,Singapore,2011,79.48,85.69,73.66,3.07
DALYS Rates,Singapore,Singapore,2012,76.78,83.09,70.97,3.09
DALYS Rates,Singapore,Singapore,2013,75.63,81.83,69.67,3.1
DALYS Rates,Singapore,Singapore,2014,72.39,79.13,66.53,3.21
DALYS Rates,Singapore,Singapore,2015,68.48,74.93,62.72,3.11
DALYS Rates,Singapore,Singapore,2016,65.3,71.94,59.32,3.22
DALYS Rates,Singapore,Singapore,2017,62.27,69.97,56.03,3.56
DALYS Rates,Singapore,Singapore,2018,62.24,71.3,54.88,4.19
DALYS Rates,Singapore,Singapore,2019,61.83,71.8,53.69,4.62
DALYS Rates,Sri Lanka,Sri Lanka,1990,27.88,31.79,24.26,1.92
DALYS Rates,Sri Lanka,Sri Lanka,1991,26.26,30,23.15,1.75
DALYS Rates,Sri Lanka,Sri Lanka,1992,25.89,29.57,22.9,1.7
DALYS Rates,Sri Lanka,Sri Lanka,1993,25.46,29.16,22.56,1.68
DALYS Rates,Sri Lanka,Sri Lanka,1994,25.93,29.05,23.29,1.47
DALYS Rates,Sri Lanka,Sri Lanka,1995,26.49,29.3,24.1,1.33
DALYS Rates,Sri Lanka,Sri Lanka,1996,26.72,29.86,23.91,1.52
DALYS Rates,Sri Lanka,Sri Lanka,1997,27.45,30.07,24.94,1.31
DALYS Rates,Sri Lanka,Sri Lanka,1998,26.04,28.51,23.97,1.16
DALYS Rates,Sri Lanka,Sri Lanka,1999,25.73,28.03,23.71,1.1
DALYS Rates,Sri Lanka,Sri Lanka,2000,25.58,27.77,23.53,1.08
DALYS Rates,Sri Lanka,Sri Lanka,2001,23.83,25.66,22.07,0.92
DALYS Rates,Sri Lanka,Sri Lanka,2002,22.34,24.08,20.76,0.85
DALYS Rates,Sri Lanka,Sri Lanka,2003,21.63,23.44,20.11,0.85
DALYS Rates,Sri Lanka,Sri Lanka,2004,22.18,24.11,20.67,0.88
DALYS Rates,Sri Lanka,Sri Lanka,2005,22.52,25.67,19.79,1.5
DALYS Rates,Sri Lanka,Sri Lanka,2006,24.13,27.41,21.03,1.63
DALYS Rates,Sri Lanka,Sri Lanka,2007,24.79,26.84,22.84,1.02
DALYS Rates,Sri Lanka,Sri Lanka,2008,25.85,28.03,23.96,1.04
DALYS Rates,Sri Lanka,Sri Lanka,2009,26.52,28.86,24.4,1.14
DALYS Rates,Sri Lanka,Sri Lanka,2010,26.55,29.09,24.25,1.23
DALYS Rates,Sri Lanka,Sri Lanka,2011,26.26,30.07,23.06,1.79
DALYS Rates,Sri Lanka,Sri Lanka,2012,25.57,29.4,22.35,1.8
DALYS Rates,Sri Lanka,Sri Lanka,2013,24.47,27.22,21.97,1.34
DALYS Rates,Sri Lanka,Sri Lanka,2014,24.04,28.54,20.26,2.11
DALYS Rates,Sri Lanka,Sri Lanka,2015,23.34,29.33,18.54,2.75
DALYS Rates,Sri Lanka,Sri Lanka,2016,22.97,30.15,17.39,3.26
DALYS Rates,Sri Lanka,Sri Lanka,2017,22.52,29.73,16.87,3.28
DALYS Rates,Sri Lanka,Sri Lanka,2018,21.95,29.51,15.8,3.5
DALYS Rates,Sri Lanka,Sri Lanka,2019,21.68,29.22,15.75,3.44
DALYS Rates,Syrian Arab Republic,Syria,1990,4.65,5.81,3.68,0.54
DALYS Rates,Syrian Arab Republic,Syria,1991,4.65,5.8,3.7,0.54
DALYS Rates,Syrian Arab Republic,Syria,1992,4.75,5.9,3.79,0.54
DALYS Rates,Syrian Arab Republic,Syria,1993,4.6,5.63,3.71,0.49
DALYS Rates,Syrian Arab Republic,Syria,1994,4.52,5.47,3.63,0.47
DALYS Rates,Syrian Arab Republic,Syria,1995,4.45,5.32,3.61,0.44
DALYS Rates,Syrian Arab Republic,Syria,1996,4.36,5.2,3.55,0.42
DALYS Rates,Syrian Arab Republic,Syria,1997,4.29,5.1,3.53,0.4
DALYS Rates,Syrian Arab Republic,Syria,1998,4.27,5.05,3.56,0.38
DALYS Rates,Syrian Arab Republic,Syria,1999,4.12,4.83,3.47,0.35
DALYS Rates,Syrian Arab Republic,Syria,2000,4.06,4.77,3.45,0.34
DALYS Rates,Syrian Arab Republic,Syria,2001,4.03,4.7,3.47,0.31
DALYS Rates,Syrian Arab Republic,Syria,2002,4.06,4.72,3.5,0.31
DALYS Rates,Syrian Arab Republic,Syria,2003,4,4.62,3.48,0.29
DALYS Rates,Syrian Arab Republic,Syria,2004,4.05,4.67,3.55,0.29
DALYS Rates,Syrian Arab Republic,Syria,2005,3.92,4.49,3.41,0.28
DALYS Rates,Syrian Arab Republic,Syria,2006,3.74,4.31,3.22,0.28
DALYS Rates,Syrian Arab Republic,Syria,2007,3.7,4.31,3.14,0.3
DALYS Rates,Syrian Arab Republic,Syria,2008,3.74,4.4,3.13,0.32
DALYS Rates,Syrian Arab Republic,Syria,2009,3.7,4.43,3.09,0.34
DALYS Rates,Syrian Arab Republic,Syria,2010,3.76,4.51,3.13,0.35
DALYS Rates,Syrian Arab Republic,Syria,2011,3.74,4.53,3.07,0.37
DALYS Rates,Syrian Arab Republic,Syria,2012,3.73,4.55,3.04,0.39
DALYS Rates,Syrian Arab Republic,Syria,2013,3.73,4.6,3.02,0.4
DALYS Rates,Syrian Arab Republic,Syria,2014,3.75,4.66,2.98,0.43
DALYS Rates,Syrian Arab Republic,Syria,2015,3.74,4.73,2.88,0.47
DALYS Rates,Syrian Arab Republic,Syria,2016,3.76,4.81,2.87,0.49
DALYS Rates,Syrian Arab Republic,Syria,2017,3.75,4.92,2.84,0.53
DALYS Rates,Syrian Arab Republic,Syria,2018,3.74,4.96,2.81,0.55
DALYS Rates,Syrian Arab Republic,Syria,2019,3.73,5,2.8,0.56
DALYS Rates,Taiwan (Province of China),Taiwan,1990,159.15,165.94,152.86,3.34
DALYS Rates,Taiwan (Province of China),Taiwan,1991,159.3,166.45,152.65,3.52
DALYS Rates,Taiwan (Province of China),Taiwan,1992,160.56,167.63,154.05,3.46
DALYS Rates,Taiwan (Province of China),Taiwan,1993,161.72,168.71,155.01,3.49
DALYS Rates,Taiwan (Province of China),Taiwan,1994,161.78,168.67,155.08,3.47
DALYS Rates,Taiwan (Province of China),Taiwan,1995,160.08,166.8,153.48,3.4
DALYS Rates,Taiwan (Province of China),Taiwan,1996,157.73,164.13,150.82,3.4
DALYS Rates,Taiwan (Province of China),Taiwan,1997,149.42,155.82,143.08,3.25
DALYS Rates,Taiwan (Province of China),Taiwan,1998,141.59,147.6,135.3,3.14
DALYS Rates,Taiwan (Province of China),Taiwan,1999,130.78,136.13,125.32,2.76
DALYS Rates,Taiwan (Province of China),Taiwan,2000,123.71,128.66,118.77,2.52
DALYS Rates,Taiwan (Province of China),Taiwan,2001,113.72,118.19,108.96,2.35
DALYS Rates,Taiwan (Province of China),Taiwan,2002,91.18,95.08,87.36,1.97
DALYS Rates,Taiwan (Province of China),Taiwan,2003,102.93,107.33,98.74,2.19
DALYS Rates,Taiwan (Province of China),Taiwan,2004,105.38,109.97,101.08,2.27
DALYS Rates,Taiwan (Province of China),Taiwan,2005,105.89,110.85,101.35,2.42
DALYS Rates,Taiwan (Province of China),Taiwan,2006,102.34,107.23,97.85,2.39
DALYS Rates,Taiwan (Province of China),Taiwan,2007,98.76,103.73,94.5,2.35
DALYS Rates,Taiwan (Province of China),Taiwan,2008,96.03,101.24,91.61,2.46
DALYS Rates,Taiwan (Province of China),Taiwan,2009,91.23,96.45,86.68,2.49
DALYS Rates,Taiwan (Province of China),Taiwan,2010,88.39,93.57,83.68,2.52
DALYS Rates,Taiwan (Province of China),Taiwan,2011,89.18,94.51,84.46,2.56
DALYS Rates,Taiwan (Province of China),Taiwan,2012,85.68,91.1,81.05,2.56
DALYS Rates,Taiwan (Province of China),Taiwan,2013,82.26,87.72,77.32,2.65
DALYS Rates,Taiwan (Province of China),Taiwan,2014,81.92,87.66,76.84,2.76
DALYS Rates,Taiwan (Province of China),Taiwan,2015,79.81,86.08,74.37,2.99
DALYS Rates,Taiwan (Province of China),Taiwan,2016,79.73,86.52,73.88,3.22
DALYS Rates,Taiwan (Province of China),Taiwan,2017,80.48,93.92,68.69,6.44
DALYS Rates,Taiwan (Province of China),Taiwan,2018,81.18,101.31,64.02,9.51
DALYS Rates,Taiwan (Province of China),Taiwan,2019,81.45,108.9,61.57,12.07
DALYS Rates,Tajikistan,Tajikistan,1990,16.91,20.59,14.08,1.66
DALYS Rates,Tajikistan,Tajikistan,1991,17.42,20.87,14.57,1.61
DALYS Rates,Tajikistan,Tajikistan,1992,18.42,21.64,15.7,1.52
DALYS Rates,Tajikistan,Tajikistan,1993,18.88,22.16,16.02,1.57
DALYS Rates,Tajikistan,Tajikistan,1994,19.83,22.67,16.85,1.48
DALYS Rates,Tajikistan,Tajikistan,1995,19.53,22.61,16.45,1.57
DALYS Rates,Tajikistan,Tajikistan,1996,19,22.13,16.28,1.49
DALYS Rates,Tajikistan,Tajikistan,1997,18.2,21.18,15.61,1.42
DALYS Rates,Tajikistan,Tajikistan,1998,17.57,20.6,14.97,1.44
DALYS Rates,Tajikistan,Tajikistan,1999,17.07,20.07,14.35,1.46
DALYS Rates,Tajikistan,Tajikistan,2000,16.71,19.57,14.24,1.36
DALYS Rates,Tajikistan,Tajikistan,2001,16.55,19.67,14.06,1.43
DALYS Rates,Tajikistan,Tajikistan,2002,16.36,19.5,13.91,1.43
DALYS Rates,Tajikistan,Tajikistan,2003,16.21,19.4,13.72,1.45
DALYS Rates,Tajikistan,Tajikistan,2004,16.15,18.98,13.75,1.33
DALYS Rates,Tajikistan,Tajikistan,2005,16.45,19.16,14.07,1.3
DALYS Rates,Tajikistan,Tajikistan,2006,16.58,19.34,14.05,1.35
DALYS Rates,Tajikistan,Tajikistan,2007,16.66,19.25,14.25,1.28
DALYS Rates,Tajikistan,Tajikistan,2008,16.62,19.11,14.23,1.24
DALYS Rates,Tajikistan,Tajikistan,2009,16.59,19.17,14.09,1.3
DALYS Rates,Tajikistan,Tajikistan,2010,16.63,19.47,14.2,1.34
DALYS Rates,Tajikistan,Tajikistan,2011,16.6,19.22,14.35,1.24
DALYS Rates,Tajikistan,Tajikistan,2012,16.49,18.95,14.53,1.13
DALYS Rates,Tajikistan,Tajikistan,2013,16.34,18.77,14.34,1.13
DALYS Rates,Tajikistan,Tajikistan,2014,16.43,18.82,14.46,1.11
DALYS Rates,Tajikistan,Tajikistan,2015,16.48,18.85,14.4,1.14
DALYS Rates,Tajikistan,Tajikistan,2016,16.64,19.19,14.3,1.25
DALYS Rates,Tajikistan,Tajikistan,2017,16.51,19.34,13.93,1.38
DALYS Rates,Tajikistan,Tajikistan,2018,16.09,19.39,12.8,1.68
DALYS Rates,Tajikistan,Tajikistan,2019,15.84,19.59,12.38,1.84
DALYS Rates,Thailand,Thailand,1990,47.3,54.04,41.09,3.3
DALYS Rates,Thailand,Thailand,1991,48.18,55.28,42.27,3.32
DALYS Rates,Thailand,Thailand,1992,48.36,55.1,42.4,3.24
DALYS Rates,Thailand,Thailand,1993,48.77,56.1,42.89,3.37
DALYS Rates,Thailand,Thailand,1994,49.37,57.12,43.13,3.57
DALYS Rates,Thailand,Thailand,1995,49.66,57.69,43.01,3.74
DALYS Rates,Thailand,Thailand,1996,49.5,58.53,41.83,4.26
DALYS Rates,Thailand,Thailand,1997,44.8,55.53,36.45,4.87
DALYS Rates,Thailand,Thailand,1998,43.99,54.12,35.32,4.8
DALYS Rates,Thailand,Thailand,1999,44.77,53.81,37.89,4.06
DALYS Rates,Thailand,Thailand,2000,43.35,51.57,36.53,3.84
DALYS Rates,Thailand,Thailand,2001,40.43,48.86,33.02,4.04
DALYS Rates,Thailand,Thailand,2002,39.87,46.49,34.02,3.18
DALYS Rates,Thailand,Thailand,2003,38.15,44.16,33.23,2.79
DALYS Rates,Thailand,Thailand,2004,39.31,45.35,34.05,2.88
DALYS Rates,Thailand,Thailand,2005,39.88,47.2,34.06,3.35
DALYS Rates,Thailand,Thailand,2006,40.38,47.04,34.37,3.23
DALYS Rates,Thailand,Thailand,2007,40.26,46.31,34.62,2.98
DALYS Rates,Thailand,Thailand,2008,39.92,45.44,34.92,2.68
DALYS Rates,Thailand,Thailand,2009,39.34,45.24,34.38,2.77
DALYS Rates,Thailand,Thailand,2010,39.21,45.52,33.68,3.02
DALYS Rates,Thailand,Thailand,2011,38.46,44.46,33.31,2.84
DALYS Rates,Thailand,Thailand,2012,37.59,43.43,32.34,2.83
DALYS Rates,Thailand,Thailand,2013,36.39,42.17,31.47,2.73
DALYS Rates,Thailand,Thailand,2014,36.16,42.31,31.2,2.83
DALYS Rates,Thailand,Thailand,2015,35.98,41.71,31.05,2.72
DALYS Rates,Thailand,Thailand,2016,36.49,43.07,30.76,3.14
DALYS Rates,Thailand,Thailand,2017,36.07,45.09,27.74,4.43
DALYS Rates,Thailand,Thailand,2018,35.83,46.09,26.79,4.92
DALYS Rates,Thailand,Thailand,2019,35.63,47.26,25.7,5.5
DALYS Rates,Timor-Leste,East Timor,1990,48.82,63.39,35.61,7.09
DALYS Rates,Timor-Leste,East Timor,1991,47.76,61.55,34.98,6.78
DALYS Rates,Timor-Leste,East Timor,1992,47.76,61.65,35.65,6.63
DALYS Rates,Timor-Leste,East Timor,1993,47.58,61.39,35.28,6.66
DALYS Rates,Timor-Leste,East Timor,1994,46.7,60.96,32.49,7.26
DALYS Rates,Timor-Leste,East Timor,1995,45.79,59.81,31.11,7.32
DALYS Rates,Timor-Leste,East Timor,1996,44.74,59.32,28.53,7.85
DALYS Rates,Timor-Leste,East Timor,1997,42.98,57.2,26.25,7.9
DALYS Rates,Timor-Leste,East Timor,1998,42.89,57.24,25.88,8
DALYS Rates,Timor-Leste,East Timor,1999,42.65,56.55,25.4,7.95
DALYS Rates,Timor-Leste,East Timor,2000,42.56,55.77,25.43,7.74
DALYS Rates,Timor-Leste,East Timor,2001,41.48,54.44,24.69,7.59
DALYS Rates,Timor-Leste,East Timor,2002,40.45,53.05,23.71,7.48
DALYS Rates,Timor-Leste,East Timor,2003,40.69,53.43,24.04,7.5
DALYS Rates,Timor-Leste,East Timor,2004,38.69,50.87,23.13,7.08
DALYS Rates,Timor-Leste,East Timor,2005,38.02,50.34,22.86,7.01
DALYS Rates,Timor-Leste,East Timor,2006,36.53,49.1,21.51,7.04
DALYS Rates,Timor-Leste,East Timor,2007,36.19,49.54,21.07,7.26
DALYS Rates,Timor-Leste,East Timor,2008,35,48.69,20.01,7.32
DALYS Rates,Timor-Leste,East Timor,2009,36.2,50.8,20.72,7.67
DALYS Rates,Timor-Leste,East Timor,2010,36.47,51.42,21.09,7.74
DALYS Rates,Timor-Leste,East Timor,2011,38.39,53.87,22.26,8.06
DALYS Rates,Timor-Leste,East Timor,2012,39.51,55.95,22.91,8.43
DALYS Rates,Timor-Leste,East Timor,2013,40.06,56.47,23.07,8.52
DALYS Rates,Timor-Leste,East Timor,2014,40.69,56.87,24.12,8.35
DALYS Rates,Timor-Leste,East Timor,2015,40.99,57.34,24.26,8.44
DALYS Rates,Timor-Leste,East Timor,2016,41.26,57.11,24.98,8.2
DALYS Rates,Timor-Leste,East Timor,2017,41.55,57.74,25.85,8.14
DALYS Rates,Timor-Leste,East Timor,2018,41.93,57.87,26.34,8.04
DALYS Rates,Timor-Leste,East Timor,2019,42.71,58.47,27.75,7.84
DALYS Rates,Turkey,Turkey,1990,29.35,35.17,23.39,3.01
DALYS Rates,Turkey,Turkey,1991,29.19,35.08,23.53,2.95
DALYS Rates,Turkey,Turkey,1992,28.98,34.83,23.72,2.83
DALYS Rates,Turkey,Turkey,1993,28.85,34.26,23.67,2.7
DALYS Rates,Turkey,Turkey,1994,28.75,34.12,23.65,2.67
DALYS Rates,Turkey,Turkey,1995,28.55,33.67,23.74,2.53
DALYS Rates,Turkey,Turkey,1996,27.88,32.82,23.44,2.39
DALYS Rates,Turkey,Turkey,1997,27.31,32.28,22.7,2.44
DALYS Rates,Turkey,Turkey,1998,26.66,31.32,22.43,2.27
DALYS Rates,Turkey,Turkey,1999,26.03,30.62,22.09,2.18
DALYS Rates,Turkey,Turkey,2000,24.56,28.71,20.96,1.98
DALYS Rates,Turkey,Turkey,2001,23.49,27.32,19.95,1.88
DALYS Rates,Turkey,Turkey,2002,22.54,26.16,19.21,1.77
DALYS Rates,Turkey,Turkey,2003,21.82,25.28,18.68,1.68
DALYS Rates,Turkey,Turkey,2004,21.1,24.55,18.17,1.63
DALYS Rates,Turkey,Turkey,2005,20.22,23.43,17.44,1.53
DALYS Rates,Turkey,Turkey,2006,19.38,22.3,16.74,1.42
DALYS Rates,Turkey,Turkey,2007,18.61,21.28,16.06,1.33
DALYS Rates,Turkey,Turkey,2008,18.01,20.67,15.66,1.28
DALYS Rates,Turkey,Turkey,2009,18.09,20.7,15.67,1.28
DALYS Rates,Turkey,Turkey,2010,17.8,20.39,15.56,1.23
DALYS Rates,Turkey,Turkey,2011,17.29,19.5,15.31,1.07
DALYS Rates,Turkey,Turkey,2012,16.58,18.54,14.77,0.96
DALYS Rates,Turkey,Turkey,2013,16.16,18.12,14.42,0.94
DALYS Rates,Turkey,Turkey,2014,15.95,17.9,14.13,0.96
DALYS Rates,Turkey,Turkey,2015,15.54,17.7,13.57,1.05
DALYS Rates,Turkey,Turkey,2016,15.2,17.59,12.99,1.17
DALYS Rates,Turkey,Turkey,2017,15.03,17.99,12.5,1.4
DALYS Rates,Turkey,Turkey,2018,14.79,18.05,11.97,1.55
DALYS Rates,Turkey,Turkey,2019,14.64,18.19,11.5,1.71
DALYS Rates,Turkmenistan,Turkmenistan,1990,10.64,11.65,9.77,0.48
DALYS Rates,Turkmenistan,Turkmenistan,1991,10.89,11.84,10.06,0.45
DALYS Rates,Turkmenistan,Turkmenistan,1992,10.81,11.85,9.95,0.48
DALYS Rates,Turkmenistan,Turkmenistan,1993,12.23,13.24,11.32,0.49
DALYS Rates,Turkmenistan,Turkmenistan,1994,12.16,13.17,11.17,0.51
DALYS Rates,Turkmenistan,Turkmenistan,1995,11.94,12.9,11.03,0.48
DALYS Rates,Turkmenistan,Turkmenistan,1996,12.2,13.33,11.16,0.55
DALYS Rates,Turkmenistan,Turkmenistan,1997,12.16,13.25,11.08,0.55
DALYS Rates,Turkmenistan,Turkmenistan,1998,12.04,13.09,11,0.53
DALYS Rates,Turkmenistan,Turkmenistan,1999,11.58,12.62,10.66,0.5
DALYS Rates,Turkmenistan,Turkmenistan,2000,11.17,12.13,10.33,0.46
DALYS Rates,Turkmenistan,Turkmenistan,2001,10.73,11.65,9.97,0.43
DALYS Rates,Turkmenistan,Turkmenistan,2002,11.43,12.31,10.62,0.43
DALYS Rates,Turkmenistan,Turkmenistan,2003,11.57,12.47,10.76,0.44
DALYS Rates,Turkmenistan,Turkmenistan,2004,12.1,13.09,11.15,0.49
DALYS Rates,Turkmenistan,Turkmenistan,2005,13.19,14.38,12.04,0.6
DALYS Rates,Turkmenistan,Turkmenistan,2006,13.37,14.55,12.23,0.59
DALYS Rates,Turkmenistan,Turkmenistan,2007,14.11,15.31,12.98,0.59
DALYS Rates,Turkmenistan,Turkmenistan,2008,14.44,15.63,13.36,0.58
DALYS Rates,Turkmenistan,Turkmenistan,2009,14.3,15.5,13.24,0.58
DALYS Rates,Turkmenistan,Turkmenistan,2010,14.22,15.49,13.12,0.6
DALYS Rates,Turkmenistan,Turkmenistan,2011,15.84,17.21,14.66,0.65
DALYS Rates,Turkmenistan,Turkmenistan,2012,15.82,17.19,14.6,0.66
DALYS Rates,Turkmenistan,Turkmenistan,2013,15.28,16.57,14.13,0.62
DALYS Rates,Turkmenistan,Turkmenistan,2014,15.64,17.07,14.35,0.69
DALYS Rates,Turkmenistan,Turkmenistan,2015,15.84,17.57,14.13,0.88
DALYS Rates,Turkmenistan,Turkmenistan,2016,15.3,17.53,13.16,1.11
DALYS Rates,Turkmenistan,Turkmenistan,2017,14.94,17.7,12.5,1.33
DALYS Rates,Turkmenistan,Turkmenistan,2018,14.77,18.06,12.05,1.53
DALYS Rates,Turkmenistan,Turkmenistan,2019,14.56,17.93,11.8,1.56
DALYS Rates,United Arab Emirates,United Arab Emirates,1990,19.86,25.98,13.54,3.17
DALYS Rates,United Arab Emirates,United Arab Emirates,1991,19.91,26.14,13.68,3.18
DALYS Rates,United Arab Emirates,United Arab Emirates,1992,19.96,26.26,13.84,3.17
DALYS Rates,United Arab Emirates,United Arab Emirates,1993,20.01,26.27,13.96,3.14
DALYS Rates,United Arab Emirates,United Arab Emirates,1994,20.2,26.39,14.21,3.11
DALYS Rates,United Arab Emirates,United Arab Emirates,1995,20.05,26.31,14.04,3.13
DALYS Rates,United Arab Emirates,United Arab Emirates,1996,19.87,26.25,14,3.13
DALYS Rates,United Arab Emirates,United Arab Emirates,1997,19.42,25.35,13.73,2.96
DALYS Rates,United Arab Emirates,United Arab Emirates,1998,19.1,25.17,13.49,2.98
DALYS Rates,United Arab Emirates,United Arab Emirates,1999,18.84,25.06,13.5,2.95
DALYS Rates,United Arab Emirates,United Arab Emirates,2000,18.67,24.54,13.25,2.88
DALYS Rates,United Arab Emirates,United Arab Emirates,2001,18.12,23.68,12.99,2.73
DALYS Rates,United Arab Emirates,United Arab Emirates,2002,17.67,23.06,12.69,2.65
DALYS Rates,United Arab Emirates,United Arab Emirates,2003,17.33,22.86,12.45,2.66
DALYS Rates,United Arab Emirates,United Arab Emirates,2004,17.19,23.17,12.32,2.77
DALYS Rates,United Arab Emirates,United Arab Emirates,2005,16.85,22.81,12.17,2.71
DALYS Rates,United Arab Emirates,United Arab Emirates,2006,16.56,22.58,11.97,2.71
DALYS Rates,United Arab Emirates,United Arab Emirates,2007,15.97,22.07,11.53,2.69
DALYS Rates,United Arab Emirates,United Arab Emirates,2008,15.74,22.55,11.18,2.9
DALYS Rates,United Arab Emirates,United Arab Emirates,2009,15.67,22.73,11.03,2.98
DALYS Rates,United Arab Emirates,United Arab Emirates,2010,15.52,22.62,10.89,2.99
DALYS Rates,United Arab Emirates,United Arab Emirates,2011,15.35,22.6,10.65,3.05
DALYS Rates,United Arab Emirates,United Arab Emirates,2012,15.15,22.16,10.43,2.99
DALYS Rates,United Arab Emirates,United Arab Emirates,2013,14.91,21.78,10.3,2.93
DALYS Rates,United Arab Emirates,United Arab Emirates,2014,14.21,21.2,9.7,2.93
DALYS Rates,United Arab Emirates,United Arab Emirates,2015,13.99,20.61,9.73,2.78
DALYS Rates,United Arab Emirates,United Arab Emirates,2016,13.83,20.34,9.61,2.74
DALYS Rates,United Arab Emirates,United Arab Emirates,2017,13.65,20.17,9.42,2.74
DALYS Rates,United Arab Emirates,United Arab Emirates,2018,13.47,19.76,9.27,2.68
DALYS Rates,United Arab Emirates,United Arab Emirates,2019,13.3,19.85,9.12,2.74
DALYS Rates,Uzbekistan,Uzbekistan,1990,11.96,15.29,9.86,1.39
DALYS Rates,Uzbekistan,Uzbekistan,1991,12.28,15.48,10.19,1.35
DALYS Rates,Uzbekistan,Uzbekistan,1992,12.74,15.6,10.73,1.24
DALYS Rates,Uzbekistan,Uzbekistan,1993,13.61,16.25,11.72,1.16
DALYS Rates,Uzbekistan,Uzbekistan,1994,14.42,16.58,12.71,0.99
DALYS Rates,Uzbekistan,Uzbekistan,1995,15.03,16.92,13.51,0.87
DALYS Rates,Uzbekistan,Uzbekistan,1996,15.51,17.18,14.11,0.78
DALYS Rates,Uzbekistan,Uzbekistan,1997,15.38,16.91,13.9,0.77
DALYS Rates,Uzbekistan,Uzbekistan,1998,15.37,16.72,13.99,0.7
DALYS Rates,Uzbekistan,Uzbekistan,1999,15.34,16.69,14.07,0.67
DALYS Rates,Uzbekistan,Uzbekistan,2000,15.85,17.19,14.62,0.66
DALYS Rates,Uzbekistan,Uzbekistan,2001,16.1,17.45,14.82,0.67
DALYS Rates,Uzbekistan,Uzbekistan,2002,16.45,17.76,15.17,0.66
DALYS Rates,Uzbekistan,Uzbekistan,2003,16.75,18.13,15.48,0.68
DALYS Rates,Uzbekistan,Uzbekistan,2004,17.31,18.7,16,0.69
DALYS Rates,Uzbekistan,Uzbekistan,2005,17.84,19.44,16.31,0.8
DALYS Rates,Uzbekistan,Uzbekistan,2006,17.72,19.66,16.02,0.93
DALYS Rates,Uzbekistan,Uzbekistan,2007,17.84,19.86,15.92,1.01
DALYS Rates,Uzbekistan,Uzbekistan,2008,17.6,19.5,15.82,0.94
DALYS Rates,Uzbekistan,Uzbekistan,2009,17,18.39,15.75,0.67
DALYS Rates,Uzbekistan,Uzbekistan,2010,17.26,18.51,16.08,0.62
DALYS Rates,Uzbekistan,Uzbekistan,2011,18.06,19.32,16.83,0.64
DALYS Rates,Uzbekistan,Uzbekistan,2012,18.75,20.02,17.41,0.67
DALYS Rates,Uzbekistan,Uzbekistan,2013,19.23,20.52,17.88,0.67
DALYS Rates,Uzbekistan,Uzbekistan,2014,19.16,20.47,17.84,0.67
DALYS Rates,Uzbekistan,Uzbekistan,2015,19.64,21.14,18.24,0.74
DALYS Rates,Uzbekistan,Uzbekistan,2016,19.69,21.39,18.06,0.85
DALYS Rates,Uzbekistan,Uzbekistan,2017,19.12,21.56,16.94,1.18
DALYS Rates,Uzbekistan,Uzbekistan,2018,18.81,21.81,16.03,1.47
DALYS Rates,Uzbekistan,Uzbekistan,2019,18.5,22.1,15.15,1.77
DALYS Rates,Viet Nam,Vietnam,1990,106.62,134.71,81.5,13.57
DALYS Rates,Viet Nam,Vietnam,1991,106.16,132.64,81.53,13.04
DALYS Rates,Viet Nam,Vietnam,1992,105.94,132.37,82.56,12.71
DALYS Rates,Viet Nam,Vietnam,1993,102.89,128.72,80.48,12.31
DALYS Rates,Viet Nam,Vietnam,1994,100.43,125.23,78.8,11.84
DALYS Rates,Viet Nam,Vietnam,1995,98.44,121.72,77.36,11.32
DALYS Rates,Viet Nam,Vietnam,1996,94.81,116.79,75.7,10.48
DALYS Rates,Viet Nam,Vietnam,1997,94.55,116.37,76.89,10.07
DALYS Rates,Viet Nam,Vietnam,1998,94,114.87,76.65,9.75
DALYS Rates,Viet Nam,Vietnam,1999,93.48,114.43,75.81,9.85
DALYS Rates,Viet Nam,Vietnam,2000,92.71,113.24,75.14,9.72
DALYS Rates,Viet Nam,Vietnam,2001,92.74,113.01,75.31,9.62
DALYS Rates,Viet Nam,Vietnam,2002,92.78,112.84,75.04,9.64
DALYS Rates,Viet Nam,Vietnam,2003,92.92,113.18,75.4,9.64
DALYS Rates,Viet Nam,Vietnam,2004,93.02,113.11,76.31,9.39
DALYS Rates,Viet Nam,Vietnam,2005,92.91,111.82,76.7,8.96
DALYS Rates,Viet Nam,Vietnam,2006,92.21,110.55,76.68,8.64
DALYS Rates,Viet Nam,Vietnam,2007,92.18,110.87,77.08,8.62
DALYS Rates,Viet Nam,Vietnam,2008,91.96,109.5,77.32,8.21
DALYS Rates,Viet Nam,Vietnam,2009,91.59,108.3,76.57,8.09
DALYS Rates,Viet Nam,Vietnam,2010,90.47,107.47,74.9,8.31
DALYS Rates,Viet Nam,Vietnam,2011,90.08,108.26,74.29,8.67
DALYS Rates,Viet Nam,Vietnam,2012,89.64,109.03,73.03,9.18
DALYS Rates,Viet Nam,Vietnam,2013,89.41,108.78,72.65,9.22
DALYS Rates,Viet Nam,Vietnam,2014,89.36,110,71.73,9.76
DALYS Rates,Viet Nam,Vietnam,2015,88.81,110.62,71.29,10.03
DALYS Rates,Viet Nam,Vietnam,2016,88.35,111.32,70.22,10.48
DALYS Rates,Viet Nam,Vietnam,2017,87.71,111.16,68.93,10.77
DALYS Rates,Viet Nam,Vietnam,2018,87.11,110.85,67.46,11.07
DALYS Rates,Viet Nam,Vietnam,2019,86.36,111.1,65.75,11.57
DALYS Rates,Yemen,Yemen,1990,16.07,22.96,10.37,3.21
DALYS Rates,Yemen,Yemen,1991,15.78,22.53,10.21,3.14
DALYS Rates,Yemen,Yemen,1992,15.55,22.17,10.16,3.06
DALYS Rates,Yemen,Yemen,1993,15.35,22.06,9.96,3.09
DALYS Rates,Yemen,Yemen,1994,15.19,21.86,9.98,3.03
DALYS Rates,Yemen,Yemen,1995,14.95,21.39,9.79,2.96
DALYS Rates,Yemen,Yemen,1996,14.68,21.05,9.82,2.86
DALYS Rates,Yemen,Yemen,1997,14.44,20.58,9.72,2.77
DALYS Rates,Yemen,Yemen,1998,14.16,19.97,9.43,2.69
DALYS Rates,Yemen,Yemen,1999,14.08,19.79,9.49,2.63
DALYS Rates,Yemen,Yemen,2000,13.84,19.49,9.43,2.57
DALYS Rates,Yemen,Yemen,2001,13.53,19.15,9.24,2.53
DALYS Rates,Yemen,Yemen,2002,13.37,18.94,9.17,2.49
DALYS Rates,Yemen,Yemen,2003,13.19,18.55,9.18,2.39
DALYS Rates,Yemen,Yemen,2004,13.03,18.38,9.17,2.35
DALYS Rates,Yemen,Yemen,2005,12.8,17.73,9.05,2.21
DALYS Rates,Yemen,Yemen,2006,12.63,17.41,8.98,2.15
DALYS Rates,Yemen,Yemen,2007,12.48,17.21,8.95,2.11
DALYS Rates,Yemen,Yemen,2008,12.47,17.24,8.93,2.12
DALYS Rates,Yemen,Yemen,2009,12.19,16.65,8.81,2
DALYS Rates,Yemen,Yemen,2010,11.78,16.14,8.55,1.94
DALYS Rates,Yemen,Yemen,2011,11.66,15.95,8.52,1.9
DALYS Rates,Yemen,Yemen,2012,11.48,15.8,8.46,1.87
DALYS Rates,Yemen,Yemen,2013,11.45,15.95,8.51,1.9
DALYS Rates,Yemen,Yemen,2014,11.31,15.52,8.38,1.82
DALYS Rates,Yemen,Yemen,2015,11.35,15.67,8.43,1.85
DALYS Rates,Yemen,Yemen,2016,11.43,15.73,8.45,1.86
DALYS Rates,Yemen,Yemen,2017,11.54,15.91,8.57,1.87
DALYS Rates,Yemen,Yemen,2018,11.72,16.31,8.59,1.97
DALYS Rates,Yemen,Yemen,2019,11.74,16.54,8.41,2.07
DALYS Rates,Asia,Asia,1990,62.36,68.39,56.01,3.16
DALYS Rates,Asia,Asia,1991,61.64,67.69,56.14,2.95
DALYS Rates,Asia,Asia,1992,60.54,65.86,55.3,2.69
DALYS Rates,Asia,Asia,1993,59.45,64.35,54.77,2.44
DALYS Rates,Asia,Asia,1994,58.36,62.93,53.94,2.29
DALYS Rates,Asia,Asia,1995,57.49,61.55,53.55,2.04
DALYS Rates,Asia,Asia,1996,56.37,59.94,52.63,1.86
DALYS Rates,Asia,Asia,1997,55.63,59.11,52,1.81
DALYS Rates,Asia,Asia,1998,55,58.46,51.5,1.78
DALYS Rates,Asia,Asia,1999,54.12,57.65,50.51,1.82
DALYS Rates,Asia,Asia,2000,52.85,56.28,49.19,1.81
DALYS Rates,Asia,Asia,2001,50.9,54.3,47.65,1.7
DALYS Rates,Asia,Asia,2002,49.15,52.35,46.12,1.59
DALYS Rates,Asia,Asia,2003,47.44,50.55,44.49,1.55
DALYS Rates,Asia,Asia,2004,46.08,49.09,43.31,1.47
DALYS Rates,Asia,Asia,2005,45.15,48.5,42.39,1.56
DALYS Rates,Asia,Asia,2006,43.94,46.77,41.41,1.37
DALYS Rates,Asia,Asia,2007,43.25,46.17,40.69,1.4
DALYS Rates,Asia,Asia,2008,42.51,45.36,40.04,1.36
DALYS Rates,Asia,Asia,2009,41.68,44.65,39.13,1.41
DALYS Rates,Asia,Asia,2010,41.17,44.17,38.68,1.4
DALYS Rates,Asia,Asia,2011,40.49,43.58,37.94,1.44
DALYS Rates,Asia,Asia,2012,39.66,42.74,37.04,1.45
DALYS Rates,Asia,Asia,2013,39.16,42.05,36.49,1.42
DALYS Rates,Asia,Asia,2014,38.56,41.24,35.94,1.35
DALYS Rates,Asia,Asia,2015,38.42,41.38,35.74,1.44
DALYS Rates,Asia,Asia,2016,38.26,41.63,35.5,1.56
DALYS Rates,Asia,Asia,2017,37.95,41.13,34.92,1.58
DALYS Rates,Asia,Asia,2018,37.77,41.42,34.48,1.77
DALYS Rates,Asia,Asia,2019,37.62,41.33,34.08,1.85
